{"stats":{"minecraft:picked_up":{"irons_spellbooks:scroll":4,"minecraft:mud":1,"minecraft:charcoal":6,"minecraft:crafting_table":5,"minecraft:iron_chestplate":8,"minecraft:wheat":182,"born_in_chaos_v1:river_mint":2,"minecraft:anvil":10,"minecraft:flower_pot":9,"minecraft:brown_mushroom":36,"minecraft:gold_block":10,"minecraft:potion":5,"minecraft:enchanted_book":12,"minecraft:chain":14,"minecraft:brick":32,"minecraft:string":4,"minecraft:red_bed":9,"minecraft:iron_axe":15,"minecraft:iron_leggings":11,"minecraft:compass":1,"minecraft:iron_shovel":6,"minecraft:cracked_stone_bricks":2,"irons_spellbooks:arcane_essence":12,"minecraft:bucket":5,"minecraft:beef":1,"minecraft:poppy":19,"minecraft:iron_pickaxe":17,"minecraft:chest":43,"minecraft:spruce_trapdoor":29,"minecraft:iron_boots":8,"minecraft:furnace":3,"minecraft:stick":66,"minecraft:raw_iron":8,"minecraft:copper_ingot":3,"minecraft:torch":4,"minecraft:porkchop":1,"minecraft:carrot":166,"minecraft:arrow":24,"minecraft:rotten_flesh":45,"minecraft:hay_block":261,"minecraft:gold_ingot":84,"minecraft:leather_horse_armor":4,"minecraft:mutton":15,"minecraft:white_wool":2,"minecraft:cobblestone":47,"born_in_chaos_v1:corpse_maggot":8,"minecraft:magma_block":2,"minecraft:cooked_beef":2,"minecraft:water_bucket":5,"minecraft:andesite":3,"minecraft:leather":21,"minecraft:potato":51,"minecraft:flint":28,"minecraft:oak_log":21,"toughasnails:purified_water_bottle":16,"minecraft:yellow_bed":6,"minecraft:gunpowder":9,"minecraft:dirt":115,"minecraft:map":2,"minecraft:lapis_lazuli":111,"minecraft:paper":34,"minecraft:lantern":3,"minecraft:name_tag":1,"minecraft:cooked_mutton":1,"minecraft:red_carpet":33,"minecraft:bone":35,"minecraft:apple":52,"minecraft:stone_bricks":8,"minecraft:bow":7,"minecraft:wheat_seeds":1,"minecraft:rabbit_hide":4,"born_in_chaos_v1:smoked_flesh":12,"minecraft:iron_ingot":159,"minecraft:cobweb":9,"minecraft:rabbit":4,"minecraft:glass_bottle":38,"minecraft:iron_sword":15,"minecraft:oak_planks":89,"minecraft:book":22,"minecraft:emerald_block":79,"spartanshields:iron_tower_shield":10,"minecraft:cooked_porkchop":1,"minecraft:sweet_berries":15,"born_in_chaos_v1:ethereal_spirit":60,"minecraft:poisonous_potato":3,"minecraft:spyglass":8,"minecraft:sand":76,"minecraft:spruce_sapling":2,"alexsmobs:lava_bottle":4,"minecraft:white_bed":1,"minecraft:spruce_log":4,"minecraft:spider_eye":5,"minecraft:mossy_cobblestone":6,"minecraft:oak_wood":15,"minecraft:polished_andesite":6,"toughasnails:water_purifier":2,"born_in_chaos_v1:fire_dust":8,"minecraft:diamond":4,"minecraft:iron_helmet":10,"minecraft:golden_apple":5,"minecraft:emerald":152,"minecraft:bread":216,"minecraft:spruce_sign":1,"alexsmobs:maggot":1,"minecraft:baked_potato":24,"born_in_chaos_v1:rotten_fish":3,"minecraft:oak_sapling":11,"minecraft:coal":44},"minecraft:killed":{"born_in_chaos_v1:restless_spirit":9,"born_in_chaos_v1:zombie_lumberjack":1,"born_in_chaos_v1:door_knight_not_despawn":1,"born_in_chaos_v1:pumpkin_spirit":1,"minecraft:spider":2,"enemyexpansion:direwolf":3,"born_in_chaos_v1:maggot":2,"born_in_chaos_v1:corpse_fish":2,"born_in_chaos_v1:firelight_not_despawn":2,"minecraft:zombie_villager":1,"born_in_chaos_v1:decrepit_skeleton":1,"minecraft:sheep":2,"minecraft:zombie":1,"born_in_chaos_v1:corpse_fly":4,"alexsmobs:fly":1,"minecraft:cow":1},"minecraft:used":{"minecraft:iron_shovel":52,"toughasnails:water_purifier":3,"minecraft:chest":8,"minecraft:iron_sword":26,"minecraft:rotten_flesh":1,"minecraft:oak_door":3,"minecraft:iron_chestplate":2,"minecraft:torch":2,"minecraft:dirt":107,"minecraft:spyglass":3,"minecraft:carrot":1,"born_in_chaos_v1:corpse_maggot":3,"minecraft:lantern":1,"minecraft:iron_axe":144,"minecraft:iron_helmet":2,"minecraft:iron_boots":4,"minecraft:stone_bricks":4,"minecraft:red_carpet":9,"minecraft:magma_block":1,"minecraft:hay_block":1,"minecraft:oak_sapling":4,"minecraft:furnace":4,"minecraft:iron_leggings":5,"minecraft:water_bucket":4,"minecraft:glass_bottle":50,"minecraft:polished_andesite":1,"minecraft:baked_potato":1,"minecraft:spruce_sign":1,"spartanshields:iron_tower_shield":57,"minecraft:cracked_stone_bricks":2,"minecraft:crafting_table":5,"minecraft:red_bed":6,"minecraft:mud":1,"minecraft:apple":2,"minecraft:string":1,"minecraft:bread":34,"minecraft:iron_pickaxe":61,"minecraft:spruce_trapdoor":7,"minecraft:potion":6,"minecraft:cobblestone":6,"toughasnails:purified_water_bottle":38,"minecraft:cooked_porkchop":1,"minecraft:andesite":2,"minecraft:bucket":4,"minecraft:yellow_bed":2,"minecraft:air":2,"minecraft:cobweb":1},"minecraft:crafted":{"minecraft:oak_door":3,"minecraft:oak_planks":40,"spartanshields:wooden_tower_shield":1,"minecraft:furnace":1,"minecraft:glass":14,"minecraft:iron_axe":1,"minecraft:glass_bottle":9,"minecraft:crafting_table":1,"spartanshields:iron_tower_shield":1,"minecraft:baked_potato":9,"minecraft:iron_helmet":1,"minecraft:hay_block":4,"minecraft:air":0,"minecraft:iron_chestplate":1,"minecraft:charcoal":15,"minecraft:emerald_block":7,"toughasnails:water_purifier":1,"minecraft:stick":8,"minecraft:iron_ingot":2,"minecraft:iron_leggings":1},"minecraft:mined":{"minecraft:red_carpet":7,"minecraft:white_bed":1,"minecraft:mossy_cobblestone":2,"minecraft:spruce_trapdoor":5,"minecraft:grass_block":40,"minecraft:spawner":2,"minecraft:hay_block":40,"minecraft:magma_block":1,"minecraft:furnace":3,"minecraft:iron_ore":3,"minecraft:fire":24,"minecraft:andesite":5,"minecraft:anvil":2,"minecraft:gold_block":2,"minecraft:bookshelf":1,"minecraft:stone":8,"minecraft:red_bed":7,"toughasnails:water_purifier":2,"minecraft:crafting_table":5,"minecraft:oak_wood":15,"minecraft:chest":22,"minecraft:cobblestone":16,"minecraft:wall_torch":1,"minecraft:mud":1,"minecraft:spruce_log":4,"born_in_chaos_v1:river_mint":1,"minecraft:yellow_bed":2,"minecraft:grass":6,"minecraft:oak_log":15,"minecraft:sand":21,"minecraft:dirt":29,"minecraft:cobweb":3,"minecraft:cracked_stone_bricks":3,"minecraft:netherrack":1,"minecraft:stone_bricks":5,"minecraft:polished_andesite":4},"minecraft:custom":{"minecraft:mob_kills":34,"minecraft:interact_with_crafting_table":44,"minecraft:open_barrel":17,"minecraft:time_since_death":1668,"minecraft:climb_one_cm":18166,"minecraft:sprint_one_cm":446615,"minecraft:walk_one_cm":519326,"minecraft:damage_blocked_by_shield":1200,"minecraft:drop":18,"minecraft:talked_to_villager":6,"minecraft:play_time":172716,"minecraft:deaths":18,"minecraft:sneak_time":4308,"minecraft:walk_under_water_one_cm":5222,"minecraft:jump":2259,"minecraft:interact_with_brewingstand":2,"minecraft:interact_with_blast_furnace":2,"minecraft:walk_on_water_one_cm":26950,"minecraft:total_world_time":172716,"minecraft:interact_with_furnace":32,"spartanshields:shield_bash_hits":12,"minecraft:sleep_in_bed":23,"minecraft:time_since_rest":1693,"minecraft:damage_taken":6375,"minecraft:damage_dealt":6852,"minecraft:swim_one_cm":9790,"minecraft:fly_one_cm":428000,"minecraft:open_chest":157,"minecraft:crouch_one_cm":14342,"minecraft:interact_with_smoker":4,"minecraft:fall_one_cm":58761},"minecraft:dropped":{"minecraft:porkchop":1,"minecraft:wheat_seeds":1,"minecraft:mossy_cobblestone":4,"minecraft:crafting_table":1,"minecraft:poisonous_potato":1,"minecraft:cobweb":2,"minecraft:dirt":2,"minecraft:paper":8,"minecraft:string":1,"minecraft:bucket":1,"minecraft:poppy":12,"minecraft:potato":1,"toughasnails:purified_water_bottle":1,"minecraft:beef":1},"minecraft:killed_by":{"born_in_chaos_v1:decaying_zombie_not_despawn":1,"minecraft:zombie_villager":1,"mutantmonsters:mutant_zombie":2,"born_in_chaos_v1:restless_spirit":1,"minecraft:creeper":1,"minecraft:vindicator":1,"minecraft:zombie":3,"born_in_chaos_v1:door_knight_not_despawn":1,"minecraft:vex":3}},"DataVersion":3465}