{"stats":{"minecraft:picked_up":{"irons_spellbooks:scroll":4,"minecraft:wheat":192,"minecraft:iron_chestplate":11,"minecraft:black_carpet":2,"minecraft:anvil":10,"minecraft:flower_pot":9,"born_in_chaos_v1:black_argillite_brick_wall":1,"minecraft:enchanted_book":15,"minecraft:potion":8,"minecraft:raw_copper":32,"minecraft:string":4,"minecraft:iron_leggings":25,"illagerinvasion:platinum_infused_hatchet":1,"irons_spellbooks:arcane_essence":12,"minecraft:bucket":8,"minecraft:iron_pickaxe":28,"minecraft:furnace":3,"minecraft:iron_boots":22,"minecraft:stick":84,"minecraft:composter":1,"minecraft:torch":157,"minecraft:porkchop":1,"born_in_chaos_v1:black_argillite_brick_stairs":4,"minecraft:rotten_flesh":72,"minecraft:leather_horse_armor":5,"minecraft:cobblestone":1073,"minecraft:magma_block":2,"minecraft:leather_chestplate":1,"minecraft:cooked_beef":3,"minecraft:water_bucket":5,"minecraft:andesite":40,"minecraft:potato":65,"minecraft:flint":28,"minecraft:dirt":782,"minecraft:map":6,"minecraft:lapis_lazuli":111,"minecraft:lantern":3,"minecraft:name_tag":3,"minecraft:leather_boots":1,"minecraft:bone":57,"minecraft:bow":20,"minecraft:wheat_seeds":47,"minecraft:bell":1,"minecraft:rabbit":6,"minecraft:oak_planks":121,"spartanshields:iron_tower_shield":20,"minecraft:cooked_porkchop":1,"minecraft:poisonous_potato":3,"minecraft:sand":76,"minecraft:dark_oak_log":6,"minecraft:barrel":5,"minecraft:mossy_cobblestone":6,"minecraft:polished_andesite":9,"toughasnails:water_purifier":2,"minecraft:yellow_carpet":1,"born_in_chaos_v1:fire_dust":8,"minecraft:diamond":11,"minecraft:lever":2,"minecraft:granite":20,"minecraft:golden_apple":6,"minecraft:bread":350,"minecraft:spruce_sign":1,"minecraft:emerald":182,"minecraft:chainmail_helmet":5,"alexsmobs:maggot":1,"born_in_chaos_v1:rotten_fish":4,"minecraft:oak_sapling":18,"minecraft:lingering_potion":3,"minecraft:charcoal":12,"minecraft:mud":4,"minecraft:crafting_table":9,"born_in_chaos_v1:river_mint":2,"minecraft:brown_mushroom":41,"minecraft:gold_block":10,"minecraft:chain":15,"minecraft:brick":33,"minecraft:red_bed":9,"minecraft:iron_axe":18,"minecraft:compass":1,"minecraft:item_frame":2,"minecraft:iron_shovel":6,"born_in_chaos_v1:black_argillite_brick":5,"minecraft:cracked_stone_bricks":2,"minecraft:beef":1,"minecraft:poppy":26,"minecraft:chest":51,"minecraft:spruce_trapdoor":110,"minecraft:raw_iron":8,"minecraft:copper_ingot":7,"minecraft:carrot":170,"spartanshields:stone_basic_shield":1,"minecraft:dark_oak_planks":15,"minecraft:arrow":42,"minecraft:hay_block":273,"minecraft:gold_ingot":102,"minecraft:totem_of_undying":3,"minecraft:black_banner":2,"minecraft:mutton":15,"minecraft:white_wool":2,"minecraft:oxeye_daisy":1,"born_in_chaos_v1:corpse_maggot":11,"minecraft:leather":25,"minecraft:oak_log":46,"minecraft:chainmail_chestplate":3,"toughasnails:purified_water_bottle":30,"minecraft:yellow_bed":6,"minecraft:gunpowder":10,"minecraft:cobblestone_stairs":15,"minecraft:paper":96,"minecraft:cooked_mutton":1,"minecraft:red_carpet":34,"minecraft:stone_bricks":33,"minecraft:apple":52,"minecraft:gray_carpet":2,"minecraft:rabbit_hide":4,"minecraft:iron_ingot":195,"born_in_chaos_v1:smoked_flesh":16,"minecraft:cobweb":9,"minecraft:glass_bottle":46,"minecraft:gray_bed":1,"minecraft:iron_sword":22,"minecraft:book":28,"minecraft:emerald_block":79,"minecraft:dark_oak_slab":4,"minecraft:sweet_berries":68,"minecraft:chiseled_stone_bricks":2,"born_in_chaos_v1:ethereal_spirit":77,"minecraft:dandelion":2,"minecraft:spyglass":8,"minecraft:spruce_sapling":8,"alexsmobs:lava_bottle":4,"minecraft:white_bed":6,"minecraft:spruce_log":4,"minecraft:green_carpet":14,"minecraft:spider_eye":5,"minecraft:oak_wood":15,"minecraft:pumpkin_seeds":29,"minecraft:iron_helmet":11,"minecraft:baked_potato":24,"minecraft:melon_seeds":14,"minecraft:coal":116},"minecraft:used":{"minecraft:iron_shovel":536,"minecraft:chest":20,"minecraft:iron_sword":97,"minecraft:rotten_flesh":6,"minecraft:iron_chestplate":3,"minecraft:carrot":1,"born_in_chaos_v1:corpse_maggot":4,"born_in_chaos_v1:smoked_flesh":4,"minecraft:lantern":1,"minecraft:iron_helmet":2,"minecraft:dark_oak_slab":2,"minecraft:stone_bricks":5,"born_in_chaos_v1:black_argillite_brick":3,"minecraft:red_carpet":10,"minecraft:magma_block":1,"minecraft:bow":3,"minecraft:hay_block":1,"minecraft:sweet_berries":15,"minecraft:furnace":8,"minecraft:oak_sapling":7,"minecraft:oak_planks":52,"minecraft:chainmail_helmet":2,"minecraft:golden_apple":2,"minecraft:lever":2,"minecraft:bread":53,"minecraft:string":1,"born_in_chaos_v1:rotten_fish":1,"minecraft:andesite":27,"minecraft:air":2,"minecraft:cobweb":1,"minecraft:oak_trapdoor":2,"toughasnails:water_purifier":3,"minecraft:oak_door":3,"minecraft:torch":53,"minecraft:dirt":566,"minecraft:spyglass":3,"minecraft:anvil":2,"minecraft:chainmail_chestplate":1,"minecraft:yellow_carpet":1,"minecraft:granite":9,"minecraft:dark_oak_planks":1,"minecraft:iron_axe":283,"minecraft:iron_boots":8,"minecraft:iron_leggings":13,"minecraft:water_bucket":7,"minecraft:glass_bottle":74,"minecraft:polished_andesite":4,"minecraft:baked_potato":1,"minecraft:spruce_sign":1,"spartanshields:iron_tower_shield":81,"minecraft:cracked_stone_bricks":2,"born_in_chaos_v1:black_argillite_brick_stairs":2,"minecraft:crafting_table":11,"minecraft:red_bed":7,"minecraft:white_bed":4,"minecraft:mud":2,"minecraft:apple":3,"minecraft:iron_pickaxe":1059,"minecraft:spruce_trapdoor":47,"minecraft:spruce_sapling":5,"minecraft:cobblestone":144,"minecraft:potion":7,"toughasnails:purified_water_bottle":57,"minecraft:cooked_porkchop":1,"minecraft:bucket":7,"minecraft:yellow_bed":2},"minecraft:killed":{"illagerinvasion:archivist":1,"born_in_chaos_v1:zombie_lumberjack":1,"born_in_chaos_v1:restless_spirit":13,"born_in_chaos_v1:door_knight_not_despawn":1,"born_in_chaos_v1:pumpkin_spirit":1,"minecraft:spider":2,"minecraft:skeleton":2,"born_in_chaos_v1:firelight_not_despawn":2,"minecraft:zombie_villager":1,"minecraft:sheep":2,"minecraft:zombie":4,"born_in_chaos_v1:corpse_fly":8,"alexsmobs:fly":1,"minecraft:cow":1,"minecraft:vindicator":2,"illagerinvasion:marauder":3,"enemyexpansion:direwolf":3,"born_in_chaos_v1:maggot":4,"minecraft:drowned":1,"born_in_chaos_v1:corpse_fish":2,"born_in_chaos_v1:decrepit_skeleton":1,"enemyexpansion:slugger":1},"minecraft:crafted":{"minecraft:oak_planks":124,"spartanshields:wooden_tower_shield":1,"minecraft:glass":14,"minecraft:chest":2,"minecraft:glass_bottle":9,"minecraft:crafting_table":5,"spartanshields:iron_tower_shield":1,"minecraft:baked_potato":9,"minecraft:iron_helmet":1,"minecraft:hay_block":4,"minecraft:iron_chestplate":2,"minecraft:charcoal":21,"minecraft:emerald_block":7,"toughasnails:water_purifier":1,"minecraft:stick":24,"minecraft:iron_ingot":2,"minecraft:iron_pickaxe":7,"minecraft:oak_door":3,"minecraft:furnace":5,"minecraft:oak_trapdoor":2,"minecraft:iron_axe":1,"minecraft:iron_hoe":1,"minecraft:dark_oak_planks":24,"minecraft:iron_sword":1,"minecraft:air":0,"minecraft:iron_shovel":3,"minecraft:iron_leggings":1,"minecraft:torch":64},"minecraft:broken":{"minecraft:iron_shovel":2,"spartanshields:iron_tower_shield":1,"minecraft:iron_axe":1,"minecraft:iron_pickaxe":4},"minecraft:mined":{"minecraft:white_bed":6,"minecraft:oak_sapling":1,"minecraft:cobblestone_stairs":3,"minecraft:spruce_trapdoor":62,"minecraft:granite":15,"minecraft:grass_block":265,"minecraft:composter":1,"minecraft:chiseled_stone_bricks":2,"minecraft:spawner":3,"minecraft:magma_block":1,"minecraft:iron_ore":3,"minecraft:fire":24,"minecraft:barrel":5,"born_in_chaos_v1:black_argillite_brick_stairs":4,"minecraft:black_carpet":2,"minecraft:anvil":2,"minecraft:red_bed":7,"minecraft:poppy":1,"minecraft:chest":25,"minecraft:cobblestone":33,"minecraft:oak_planks":6,"minecraft:wall_torch":15,"minecraft:dark_oak_slab":2,"minecraft:mud":3,"born_in_chaos_v1:river_mint":1,"born_in_chaos_v1:black_argillite_brick":5,"minecraft:grass":23,"minecraft:oak_log":40,"minecraft:sand":21,"minecraft:dirt":406,"minecraft:netherrack":1,"minecraft:oak_leaves":11,"minecraft:red_carpet":7,"minecraft:mossy_cobblestone":2,"minecraft:dark_oak_log":6,"minecraft:lever":2,"born_in_chaos_v1:black_argillite_brick_wall":1,"minecraft:spruce_leaves":77,"minecraft:hay_block":40,"minecraft:spruce_sapling":1,"minecraft:furnace":3,"minecraft:andesite":36,"minecraft:gold_block":2,"minecraft:bell":1,"minecraft:bookshelf":1,"minecraft:stone":840,"toughasnails:water_purifier":2,"minecraft:dandelion":2,"minecraft:crafting_table":7,"minecraft:cornflower":1,"minecraft:oak_wood":15,"minecraft:tall_grass":2,"minecraft:copper_ore":7,"minecraft:sweet_berry_bush":6,"minecraft:black_wall_banner":1,"minecraft:gray_bed":1,"minecraft:spruce_log":4,"minecraft:yellow_bed":2,"minecraft:coal_ore":44,"minecraft:gray_carpet":1,"minecraft:cobweb":3,"minecraft:cracked_stone_bricks":3,"minecraft:polished_andesite":7,"minecraft:stone_bricks":13,"minecraft:fern":1},"minecraft:custom":{"minecraft:interact_with_crafting_table":66,"minecraft:open_barrel":27,"minecraft:leave_game":3,"minecraft:time_since_death":37141,"minecraft:sprint_one_cm":852721,"minecraft:damage_blocked_by_shield":3450,"minecraft:drop":25,"minecraft:talked_to_villager":13,"minecraft:play_time":415380,"minecraft:deaths":48,"minecraft:jump":4964,"minecraft:interact_with_brewingstand":4,"minecraft:walk_on_water_one_cm":61986,"minecraft:interact_with_furnace":44,"minecraft:sleep_in_bed":32,"minecraft:damage_dealt":11960,"minecraft:crouch_one_cm":28992,"minecraft:interact_with_smoker":5,"minecraft:mob_kills":58,"minecraft:climb_one_cm":18830,"minecraft:walk_one_cm":1283814,"minecraft:sneak_time":8571,"minecraft:walk_under_water_one_cm":19942,"minecraft:interact_with_blast_furnace":2,"minecraft:total_world_time":415380,"spartanshields:shield_bash_hits":15,"minecraft:time_since_rest":15056,"minecraft:damage_taken":14909,"minecraft:damage_absorbed":80,"minecraft:swim_one_cm":23590,"minecraft:fly_one_cm":892471,"minecraft:open_chest":359,"minecraft:fall_one_cm":114162},"minecraft:killed_by":{"born_in_chaos_v1:decaying_zombie_not_despawn":1,"minecraft:zombie_villager":1,"mutantmonsters:mutant_zombie":2,"minecraft:creeper":1,"born_in_chaos_v1:corpse_fly":1,"minecraft:vindicator":12,"minecraft:zombie":3,"born_in_chaos_v1:door_knight_not_despawn":1,"minecraft:vex":3,"minecraft:player":4,"born_in_chaos_v1:restless_spirit":1,"minecraft:skeleton":3,"illagerinvasion:marauder":5,"born_in_chaos_v1:maggot":1},"minecraft:dropped":{"minecraft:porkchop":1,"minecraft:crafting_table":1,"minecraft:dirt":2,"born_in_chaos_v1:black_argillite_brick":2,"minecraft:iron_pickaxe":1,"minecraft:chainmail_chestplate":1,"minecraft:poppy":12,"minecraft:beef":1,"minecraft:bread":18,"minecraft:wheat_seeds":1,"minecraft:mossy_cobblestone":4,"minecraft:poisonous_potato":1,"minecraft:stick":7,"minecraft:cobweb":2,"minecraft:torch":57,"minecraft:paper":8,"minecraft:string":1,"minecraft:bucket":1,"minecraft:potato":1,"toughasnails:purified_water_bottle":1}},"DataVersion":3465}