{"stats":{"minecraft:picked_up":{"born_in_chaos_v1:corpse_maggot":2,"minecraft:iron_chestplate":1,"minecraft:charcoal":6,"minecraft:crafting_table":4,"minecraft:wheat":74,"minecraft:water_bucket":1,"minecraft:leather":2,"minecraft:potato":23,"minecraft:enchanted_book":5,"minecraft:potion":4,"minecraft:oak_log":8,"toughasnails:purified_water_bottle":1,"minecraft:brick":2,"minecraft:map":1,"minecraft:lapis_lazuli":44,"minecraft:dirt":30,"minecraft:red_bed":6,"minecraft:lantern":3,"minecraft:iron_axe":1,"minecraft:iron_leggings":3,"minecraft:compass":1,"minecraft:iron_shovel":2,"minecraft:red_carpet":13,"minecraft:apple":33,"minecraft:stone_bricks":6,"minecraft:bow":3,"minecraft:rabbit_hide":4,"minecraft:beef":1,"minecraft:iron_ingot":65,"minecraft:poppy":2,"minecraft:rabbit":4,"minecraft:iron_pickaxe":5,"minecraft:glass_bottle":9,"minecraft:chest":3,"minecraft:oak_planks":5,"minecraft:iron_sword":6,"minecraft:spruce_trapdoor":4,"minecraft:furnace":3,"minecraft:book":8,"spartanshields:iron_tower_shield":1,"minecraft:stick":13,"minecraft:raw_iron":8,"minecraft:emerald_block":62,"minecraft:spyglass":2,"minecraft:sand":76,"minecraft:spruce_sapling":2,"alexsmobs:lava_bottle":1,"minecraft:spruce_log":4,"minecraft:white_bed":1,"minecraft:carrot":41,"minecraft:polished_andesite":3,"minecraft:oak_wood":15,"toughasnails:water_purifier":2,"minecraft:rotten_flesh":13,"born_in_chaos_v1:fire_dust":3,"minecraft:diamond":4,"minecraft:iron_helmet":1,"minecraft:hay_block":212,"alexsmobs:maggot":1,"minecraft:golden_apple":4,"minecraft:spruce_sign":1,"minecraft:bread":27,"minecraft:gold_ingot":53,"minecraft:emerald":46,"minecraft:baked_potato":8,"minecraft:oak_sapling":2,"born_in_chaos_v1:rotten_fish":3,"minecraft:coal":6,"minecraft:cobblestone":13},"minecraft:killed":{"born_in_chaos_v1:zombie_lumberjack":1,"alexsmobs:fly":1,"born_in_chaos_v1:corpse_fish":2,"born_in_chaos_v1:firelight_not_despawn":1,"minecraft:cow":1},"minecraft:used":{"minecraft:iron_shovel":10,"toughasnails:water_purifier":3,"minecraft:glass_bottle":25,"minecraft:baked_potato":1,"minecraft:chest":1,"minecraft:iron_sword":13,"minecraft:spruce_sign":1,"minecraft:rotten_flesh":1,"minecraft:iron_chestplate":1,"minecraft:dirt":23,"minecraft:crafting_table":4,"minecraft:red_bed":4,"minecraft:carrot":1,"minecraft:apple":1,"minecraft:lantern":1,"minecraft:iron_axe":28,"minecraft:bread":16,"minecraft:iron_pickaxe":25,"minecraft:iron_helmet":1,"minecraft:spruce_trapdoor":2,"minecraft:red_carpet":1,"minecraft:potion":3,"toughasnails:purified_water_bottle":16,"minecraft:furnace":4,"minecraft:iron_leggings":2},"minecraft:crafted":{"minecraft:glass_bottle":9,"minecraft:oak_planks":24,"minecraft:iron_helmet":1,"minecraft:baked_potato":9,"spartanshields:iron_tower_shield":1,"spartanshields:wooden_tower_shield":1,"minecraft:furnace":1,"minecraft:hay_block":4,"minecraft:air":0,"minecraft:glass":14,"minecraft:emerald_block":3,"minecraft:charcoal":12,"minecraft:iron_chestplate":1,"toughasnails:water_purifier":1,"minecraft:iron_axe":1,"minecraft:stick":8,"minecraft:iron_ingot":2,"minecraft:iron_leggings":1},"minecraft:mined":{"minecraft:red_carpet":5,"minecraft:white_bed":1,"minecraft:red_bed":4,"toughasnails:water_purifier":2,"minecraft:crafting_table":4,"minecraft:oak_wood":15,"minecraft:grass_block":11,"minecraft:chest":1,"minecraft:cobblestone":13,"minecraft:hay_block":40,"minecraft:furnace":3,"minecraft:iron_ore":3,"minecraft:fire":22,"minecraft:spruce_log":4,"minecraft:grass":2,"minecraft:oak_log":2,"minecraft:sand":21,"minecraft:dirt":7,"minecraft:polished_andesite":1,"minecraft:stone_bricks":2},"minecraft:custom":{"minecraft:interact_with_furnace":26,"spartanshields:shield_bash_hits":2,"minecraft:mob_kills":6,"minecraft:interact_with_crafting_table":31,"minecraft:open_barrel":2,"minecraft:time_since_death":3726,"minecraft:sleep_in_bed":10,"minecraft:climb_one_cm":8136,"minecraft:time_since_rest":3781,"minecraft:sprint_one_cm":199912,"minecraft:damage_taken":2909,"minecraft:walk_one_cm":239650,"minecraft:drop":5,"minecraft:damage_dealt":1256,"minecraft:swim_one_cm":9495,"minecraft:talked_to_villager":4,"minecraft:fly_one_cm":177067,"minecraft:open_chest":64,"minecraft:crouch_one_cm":1872,"minecraft:play_time":76716,"minecraft:deaths":8,"minecraft:sneak_time":389,"minecraft:walk_under_water_one_cm":1349,"minecraft:interact_with_brewingstand":1,"minecraft:jump":963,"minecraft:walk_on_water_one_cm":8853,"minecraft:interact_with_smoker":1,"minecraft:total_world_time":76716,"minecraft:fall_one_cm":28594},"minecraft:dropped":{"minecraft:potato":1,"minecraft:dirt":2,"toughasnails:purified_water_bottle":1,"minecraft:beef":1},"minecraft:killed_by":{"minecraft:vindicator":1,"born_in_chaos_v1:restless_spirit":1,"minecraft:creeper":1,"minecraft:zombie":3}},"DataVersion":3465}