{"stats":{"minecraft:picked_up":{"minecraft:stick":1,"minecraft:raw_iron":4,"minecraft:wheat":4,"minecraft:potato":1,"minecraft:spruce_sapling":2,"minecraft:white_bed":1,"minecraft:spruce_log":4,"minecraft:dirt":5,"minecraft:lantern":1,"minecraft:red_carpet":1,"minecraft:hay_block":13,"minecraft:iron_ingot":6,"minecraft:emerald":2,"minecraft:gold_ingot":2,"minecraft:bread":2,"minecraft:iron_pickaxe":1},"minecraft:used":{"minecraft:bread":3,"minecraft:iron_pickaxe":3,"minecraft:dirt":4},"minecraft:mined":{"minecraft:hay_block":11,"minecraft:white_bed":1,"minecraft:iron_ore":3,"minecraft:fire":14,"minecraft:spruce_log":4,"minecraft:grass_block":3,"minecraft:dirt":2},"minecraft:custom":{"minecraft:time_since_rest":1363,"minecraft:interact_with_furnace":1,"minecraft:sprint_one_cm":73310,"minecraft:damage_taken":1031,"minecraft:walk_one_cm":70743,"minecraft:damage_dealt":121,"minecraft:swim_one_cm":4748,"minecraft:fly_one_cm":63265,"minecraft:open_chest":10,"minecraft:crouch_one_cm":1480,"minecraft:play_time":16716,"minecraft:deaths":3,"minecraft:sneak_time":306,"minecraft:walk_under_water_one_cm":596,"minecraft:jump":337,"minecraft:time_since_death":6173,"minecraft:walk_on_water_one_cm":359,"minecraft:sleep_in_bed":2,"minecraft:total_world_time":16716,"minecraft:climb_one_cm":2794,"minecraft:fall_one_cm":18890},"minecraft:killed_by":{"minecraft:vindicator":1,"born_in_chaos_v1:restless_spirit":1}},"DataVersion":3465}