{"stats":{"minecraft:picked_up":{"minecraft:charcoal":6,"minecraft:crafting_table":5,"minecraft:iron_chestplate":2,"minecraft:wheat":102,"minecraft:flower_pot":9,"minecraft:potion":5,"minecraft:enchanted_book":7,"minecraft:brick":16,"minecraft:red_bed":8,"minecraft:iron_axe":3,"minecraft:iron_leggings":4,"minecraft:compass":1,"minecraft:iron_shovel":2,"minecraft:beef":1,"minecraft:poppy":18,"minecraft:iron_pickaxe":5,"minecraft:chest":23,"minecraft:spruce_trapdoor":14,"minecraft:furnace":3,"minecraft:stick":26,"minecraft:raw_iron":8,"minecraft:torch":1,"minecraft:porkchop":1,"minecraft:carrot":62,"minecraft:rotten_flesh":15,"minecraft:hay_block":223,"minecraft:gold_ingot":66,"minecraft:cobblestone":15,"born_in_chaos_v1:corpse_maggot":6,"minecraft:cooked_beef":2,"minecraft:water_bucket":1,"minecraft:leather":5,"minecraft:potato":51,"minecraft:oak_log":12,"toughasnails:purified_water_bottle":6,"minecraft:yellow_bed":2,"minecraft:dirt":30,"minecraft:map":2,"minecraft:lapis_lazuli":55,"minecraft:paper":18,"minecraft:lantern":3,"minecraft:cooked_mutton":1,"minecraft:red_carpet":19,"minecraft:apple":33,"minecraft:stone_bricks":6,"minecraft:bow":3,"minecraft:rabbit_hide":4,"minecraft:iron_ingot":72,"minecraft:cobweb":9,"minecraft:rabbit":4,"minecraft:glass_bottle":9,"minecraft:iron_sword":8,"minecraft:oak_planks":17,"minecraft:book":11,"minecraft:emerald_block":69,"spartanshields:iron_tower_shield":2,"minecraft:cooked_porkchop":1,"minecraft:spyglass":3,"minecraft:sand":76,"minecraft:spruce_sapling":2,"alexsmobs:lava_bottle":1,"minecraft:white_bed":1,"minecraft:spruce_log":4,"minecraft:oak_wood":15,"minecraft:polished_andesite":3,"toughasnails:water_purifier":2,"born_in_chaos_v1:fire_dust":4,"minecraft:diamond":4,"minecraft:iron_helmet":2,"minecraft:golden_apple":5,"minecraft:emerald":78,"minecraft:bread":54,"minecraft:spruce_sign":1,"alexsmobs:maggot":1,"minecraft:baked_potato":8,"born_in_chaos_v1:rotten_fish":3,"minecraft:oak_sapling":11,"minecraft:coal":9},"minecraft:killed":{"born_in_chaos_v1:zombie_lumberjack":1,"born_in_chaos_v1:corpse_fish":2,"born_in_chaos_v1:firelight_not_despawn":2,"born_in_chaos_v1:corpse_fly":4,"alexsmobs:fly":1,"minecraft:cow":1},"minecraft:used":{"minecraft:iron_shovel":10,"toughasnails:water_purifier":3,"minecraft:chest":5,"minecraft:iron_sword":18,"minecraft:rotten_flesh":1,"minecraft:iron_chestplate":1,"minecraft:torch":1,"minecraft:dirt":23,"minecraft:spyglass":3,"minecraft:carrot":1,"born_in_chaos_v1:corpse_maggot":3,"minecraft:lantern":1,"minecraft:iron_axe":62,"minecraft:iron_helmet":1,"minecraft:iron_boots":1,"minecraft:red_carpet":1,"minecraft:furnace":4,"minecraft:iron_leggings":2,"minecraft:water_bucket":1,"minecraft:glass_bottle":35,"minecraft:baked_potato":1,"minecraft:spruce_sign":1,"spartanshields:iron_tower_shield":10,"minecraft:crafting_table":5,"minecraft:red_bed":5,"minecraft:apple":1,"minecraft:bread":19,"minecraft:iron_pickaxe":27,"minecraft:spruce_trapdoor":2,"minecraft:potion":5,"minecraft:cobblestone":1,"toughasnails:purified_water_bottle":23,"minecraft:cooked_porkchop":1,"minecraft:air":1,"minecraft:cobweb":1},"minecraft:crafted":{"minecraft:oak_planks":40,"spartanshields:wooden_tower_shield":1,"minecraft:furnace":1,"minecraft:glass":14,"minecraft:iron_axe":1,"minecraft:glass_bottle":9,"minecraft:crafting_table":1,"spartanshields:iron_tower_shield":1,"minecraft:baked_potato":9,"minecraft:iron_helmet":1,"minecraft:hay_block":4,"minecraft:air":0,"minecraft:iron_chestplate":1,"minecraft:charcoal":12,"minecraft:emerald_block":3,"toughasnails:water_purifier":1,"minecraft:stick":8,"minecraft:iron_ingot":2,"minecraft:iron_leggings":1},"minecraft:mined":{"minecraft:red_carpet":5,"minecraft:white_bed":1,"minecraft:spruce_trapdoor":5,"minecraft:grass_block":11,"minecraft:hay_block":40,"minecraft:furnace":3,"minecraft:iron_ore":3,"minecraft:fire":24,"minecraft:red_bed":6,"toughasnails:water_purifier":2,"minecraft:crafting_table":5,"minecraft:oak_wood":15,"minecraft:chest":18,"minecraft:cobblestone":15,"minecraft:spruce_log":4,"minecraft:yellow_bed":1,"minecraft:grass":3,"minecraft:oak_log":6,"minecraft:sand":21,"minecraft:dirt":7,"minecraft:stone_bricks":2,"minecraft:polished_andesite":1},"minecraft:custom":{"minecraft:mob_kills":11,"minecraft:interact_with_crafting_table":33,"minecraft:open_barrel":4,"minecraft:time_since_death":14276,"minecraft:climb_one_cm":17653,"minecraft:sprint_one_cm":274256,"minecraft:walk_one_cm":334267,"minecraft:damage_blocked_by_shield":270,"minecraft:drop":10,"minecraft:talked_to_villager":6,"minecraft:play_time":100716,"minecraft:deaths":9,"minecraft:sneak_time":410,"minecraft:walk_under_water_one_cm":1349,"minecraft:jump":1297,"minecraft:interact_with_brewingstand":2,"minecraft:interact_with_blast_furnace":2,"minecraft:walk_on_water_one_cm":15181,"minecraft:total_world_time":100716,"minecraft:interact_with_furnace":26,"spartanshields:shield_bash_hits":3,"minecraft:sleep_in_bed":11,"minecraft:time_since_rest":8348,"minecraft:damage_taken":3475,"minecraft:damage_dealt":1746,"minecraft:swim_one_cm":9495,"minecraft:fly_one_cm":236608,"minecraft:open_chest":105,"minecraft:crouch_one_cm":1885,"minecraft:interact_with_smoker":2,"minecraft:fall_one_cm":34839},"minecraft:killed_by":{"born_in_chaos_v1:restless_spirit":1,"minecraft:creeper":1,"minecraft:vindicator":1,"minecraft:zombie":3},"minecraft:dropped":{"minecraft:porkchop":1,"minecraft:cobweb":2,"minecraft:dirt":2,"minecraft:paper":8,"minecraft:poppy":12,"minecraft:potato":1,"toughasnails:purified_water_bottle":1,"minecraft:beef":1}},"DataVersion":3465}