{"stats":{"minecraft:custom":{"minecraft:interact_with_crafting_table":77,"minecraft:open_barrel":28,"minecraft:leave_game":7,"minecraft:time_since_death":21518,"minecraft:sprint_one_cm":1319957,"minecraft:damage_blocked_by_shield":3540,"minecraft:drop":44,"minecraft:talked_to_villager":54,"minecraft:play_time":595208,"minecraft:deaths":67,"minecraft:jump":7797,"minecraft:interact_with_brewingstand":4,"minecraft:walk_on_water_one_cm":81046,"minecraft:interact_with_furnace":65,"minecraft:interact_with_cartography_table":1,"minecraft:sleep_in_bed":60,"minecraft:damage_dealt":14848,"minecraft:crouch_one_cm":50181,"minecraft:interact_with_smoker":6,"minecraft:mob_kills":68,"minecraft:damage_dealt_resisted":1020,"minecraft:climb_one_cm":25407,"minecraft:walk_one_cm":1718116,"minecraft:sneak_time":13159,"minecraft:walk_under_water_one_cm":27060,"minecraft:interact_with_blast_furnace":2,"minecraft:total_world_time":595208,"spartanshields:shield_bash_hits":16,"minecraft:time_since_rest":0,"minecraft:damage_taken":20557,"minecraft:damage_absorbed":80,"minecraft:swim_one_cm":32684,"minecraft:fly_one_cm":1501408,"minecraft:open_chest":458,"minecraft:fall_one_cm":204849},"minecraft:killed":{"illagerinvasion:archivist":1,"born_in_chaos_v1:zombie_lumberjack":1,"born_in_chaos_v1:restless_spirit":13,"born_in_chaos_v1:door_knight_not_despawn":2,"born_in_chaos_v1:pumpkin_spirit":1,"minecraft:spider":2,"minecraft:skeleton":2,"born_in_chaos_v1:firelight_not_despawn":2,"minecraft:zombie_villager":1,"minecraft:sheep":2,"minecraft:zombie":4,"born_in_chaos_v1:corpse_fly":8,"alexsmobs:fly":1,"minecraft:cow":1,"minecraft:vindicator":2,"illagerinvasion:marauder":3,"enemyexpansion:direwolf":4,"born_in_chaos_v1:maggot":6,"iceandfire:fire_dragon":1,"alexsmobs:bison":2,"minecraft:drowned":1,"born_in_chaos_v1:corpse_fish":2,"born_in_chaos_v1:barrel_zombie":1,"born_in_chaos_v1:baby_skeleton":1,"born_in_chaos_v1:decrepit_skeleton":1,"enemyexpansion:slugger":1},"minecraft:picked_up":{"irons_spellbooks:scroll":5,"minecraft:black_carpet":2,"minecraft:iron_chestplate":14,"minecraft:wheat":193,"minecraft:flower_pot":10,"minecraft:anvil":10,"minecraft:oak_stairs":2,"born_in_chaos_v1:black_argillite_brick_wall":1,"minecraft:potion":8,"minecraft:enchanted_book":15,"minecraft:raw_copper":55,"minecraft:string":4,"minecraft:iron_leggings":28,"illagerinvasion:platinum_infused_hatchet":1,"irons_spellbooks:arcane_essence":12,"minecraft:gold_nugget":15,"minecraft:bucket":9,"minecraft:spruce_planks":2,"minecraft:white_tulip":2,"minecraft:iron_pickaxe":33,"iceandfire:dragonscales_red":19,"minecraft:furnace":3,"minecraft:iron_boots":26,"minecraft:stick":86,"minecraft:composter":1,"minecraft:torch":211,"minecraft:spruce_stairs":1,"minecraft:porkchop":1,"minecraft:pointed_dripstone":7,"born_in_chaos_v1:black_argillite_brick_stairs":4,"minecraft:rotten_flesh":78,"iceandfire:fire_dragon_heart":2,"minecraft:leather_horse_armor":5,"minecraft:cobblestone":1362,"minecraft:leather_chestplate":1,"minecraft:magma_block":2,"minecraft:cooked_beef":6,"minecraft:water_bucket":6,"minecraft:andesite":62,"minecraft:potato":66,"alexsmobs:bison_fur":4,"minecraft:flint":28,"minecraft:map":6,"minecraft:lapis_lazuli":151,"minecraft:dirt":1305,"minecraft:lantern":3,"minecraft:name_tag":3,"minecraft:leather_boots":1,"minecraft:bone":59,"minecraft:bow":21,"minecraft:wheat_seeds":73,"minecraft:bell":1,"minecraft:rabbit":6,"minecraft:fletching_table":2,"minecraft:oak_planks":145,"spartanshields:iron_tower_shield":21,"minecraft:cooked_porkchop":1,"minecraft:poisonous_potato":3,"iceandfire:dragon_skull_fire":1,"minecraft:sand":76,"minecraft:dark_oak_log":6,"minecraft:barrel":5,"minecraft:mossy_cobblestone":6,"minecraft:iron_hoe":2,"minecraft:polished_andesite":9,"toughasnails:water_purifier":2,"toughasnails:water_canteen":1,"minecraft:yellow_carpet":1,"born_in_chaos_v1:fire_dust":8,"minecraft:diamond":11,"minecraft:lever":2,"minecraft:granite":84,"minecraft:bone_meal":1,"minecraft:golden_apple":6,"minecraft:emerald":182,"minecraft:spruce_sign":3,"minecraft:chainmail_helmet":8,"minecraft:bread":386,"alexsmobs:maggot":1,"minecraft:oak_sapling":22,"born_in_chaos_v1:rotten_fish":4,"iceandfire:raw_silver":7,"minecraft:lingering_potion":3,"minecraft:mud":4,"minecraft:charcoal":12,"minecraft:crafting_table":12,"born_in_chaos_v1:river_mint":3,"minecraft:brown_mushroom":41,"minecraft:gold_block":10,"minecraft:chain":15,"minecraft:brick":33,"minecraft:cornflower":3,"minecraft:red_bed":11,"minecraft:iron_axe":20,"minecraft:item_frame":2,"minecraft:compass":3,"minecraft:iron_shovel":9,"born_in_chaos_v1:black_argillite_brick":5,"minecraft:cracked_stone_bricks":2,"minecraft:beef":15,"minecraft:poppy":28,"minecraft:chest":51,"minecraft:spruce_trapdoor":110,"minecraft:egg":2,"minecraft:raw_iron":8,"iceandfire:dragonbone":16,"minecraft:copper_ingot":7,"minecraft:carrot":181,"spartanshields:stone_basic_shield":1,"minecraft:dark_oak_planks":15,"minecraft:arrow":64,"minecraft:hay_block":291,"minecraft:black_banner":2,"minecraft:totem_of_undying":3,"minecraft:gold_ingot":102,"minecraft:mutton":15,"minecraft:white_wool":2,"minecraft:oxeye_daisy":3,"iceandfire:silver_axe":1,"born_in_chaos_v1:corpse_maggot":11,"minecraft:leather":25,"minecraft:oak_log":60,"minecraft:chainmail_chestplate":3,"toughasnails:purified_water_bottle":31,"minecraft:yellow_bed":13,"minecraft:gunpowder":10,"minecraft:cobblestone_stairs":51,"minecraft:paper":96,"minecraft:white_banner":4,"minecraft:cooked_mutton":1,"minecraft:red_carpet":40,"minecraft:stone_bricks":35,"minecraft:apple":52,"minecraft:gray_carpet":2,"minecraft:kelp":1,"minecraft:rabbit_hide":4,"born_in_chaos_v1:smoked_flesh":16,"minecraft:iron_ingot":197,"minecraft:cobweb":9,"minecraft:stripped_oak_wood":1,"minecraft:glass_bottle":46,"minecraft:gray_bed":1,"minecraft:iron_sword":23,"iceandfire:fire_dragon_flesh":6,"minecraft:book":28,"minecraft:dark_oak_slab":4,"minecraft:emerald_block":79,"minecraft:sweet_berries":85,"minecraft:chiseled_stone_bricks":2,"born_in_chaos_v1:ethereal_spirit":77,"minecraft:dandelion":13,"minecraft:spyglass":8,"minecraft:dripstone_block":2,"minecraft:gravel":39,"minecraft:spruce_sapling":8,"alexsmobs:lava_bottle":4,"minecraft:white_bed":7,"minecraft:spruce_log":4,"minecraft:green_carpet":23,"minecraft:spider_eye":5,"minecraft:oak_wood":15,"minecraft:pumpkin_seeds":29,"minecraft:iron_helmet":11,"minecraft:baked_potato":24,"minecraft:melon_seeds":16,"minecraft:coal":141},"minecraft:used":{"minecraft:iron_shovel":981,"minecraft:chest":20,"minecraft:iron_sword":151,"minecraft:rotten_flesh":6,"minecraft:iron_chestplate":4,"minecraft:carrot":11,"born_in_chaos_v1:corpse_maggot":4,"born_in_chaos_v1:smoked_flesh":4,"minecraft:lantern":1,"minecraft:iron_helmet":2,"minecraft:dark_oak_slab":2,"minecraft:stone_bricks":6,"born_in_chaos_v1:black_argillite_brick":3,"minecraft:red_carpet":10,"minecraft:magma_block":1,"minecraft:bow":14,"minecraft:hay_block":1,"minecraft:sweet_berries":24,"minecraft:oak_sapling":8,"minecraft:furnace":9,"minecraft:gray_bed":1,"minecraft:egg":2,"minecraft:oak_planks":56,"minecraft:chainmail_helmet":4,"toughasnails:water_canteen":41,"minecraft:golden_apple":2,"iceandfire:silver_axe":23,"minecraft:lever":2,"minecraft:string":1,"minecraft:bread":67,"minecraft:gravel":1,"born_in_chaos_v1:rotten_fish":1,"minecraft:andesite":27,"minecraft:air":2,"minecraft:cobweb":1,"minecraft:oak_trapdoor":2,"toughasnails:water_purifier":3,"minecraft:cooked_salmon":3,"minecraft:oak_door":3,"minecraft:torch":82,"minecraft:dirt":1162,"minecraft:spyglass":3,"minecraft:anvil":2,"toughasnails:empty_canteen":4,"minecraft:chainmail_chestplate":1,"minecraft:spruce_stairs":1,"minecraft:yellow_carpet":1,"minecraft:granite":10,"minecraft:iron_hoe":13,"minecraft:dark_oak_planks":1,"minecraft:iron_axe":308,"minecraft:iron_boots":11,"minecraft:melon_seeds":2,"minecraft:iron_leggings":14,"minecraft:wheat_seeds":11,"minecraft:water_bucket":20,"minecraft:cobblestone_stairs":52,"minecraft:glass_bottle":79,"minecraft:polished_andesite":4,"minecraft:baked_potato":1,"minecraft:spruce_sign":3,"spartanshields:iron_tower_shield":120,"minecraft:cracked_stone_bricks":2,"born_in_chaos_v1:black_argillite_brick_stairs":2,"minecraft:crafting_table":17,"minecraft:red_bed":9,"minecraft:white_bed":6,"minecraft:mud":2,"minecraft:cornflower":2,"minecraft:apple":3,"minecraft:oxeye_daisy":2,"minecraft:diamond_shovel":7,"minecraft:iron_pickaxe":1451,"minecraft:spruce_trapdoor":47,"minecraft:spruce_sapling":5,"minecraft:cobblestone":159,"minecraft:potion":7,"toughasnails:purified_water_bottle":62,"minecraft:cooked_porkchop":1,"minecraft:bucket":19,"toughasnails:purified_water_canteen":10,"minecraft:yellow_bed":8},"minecraft:dropped":{"minecraft:porkchop":1,"minecraft:crafting_table":1,"minecraft:dirt":23,"minecraft:gold_nugget":6,"born_in_chaos_v1:black_argillite_brick":2,"minecraft:iron_pickaxe":2,"minecraft:chainmail_chestplate":1,"minecraft:poppy":12,"minecraft:beef":1,"minecraft:bread":18,"minecraft:wheat_seeds":4,"minecraft:mossy_cobblestone":4,"minecraft:poisonous_potato":1,"minecraft:chainmail_helmet":1,"minecraft:stick":7,"minecraft:cobweb":2,"irons_spellbooks:scroll":1,"born_in_chaos_v1:river_mint":1,"minecraft:torch":57,"minecraft:iron_leggings":1,"minecraft:oak_stairs":2,"minecraft:iron_axe":1,"minecraft:iron_shovel":2,"minecraft:paper":8,"minecraft:string":1,"minecraft:bucket":1,"minecraft:iron_boots":1,"minecraft:iron_hoe":1,"minecraft:potato":1,"minecraft:iron_chestplate":1,"minecraft:yellow_bed":1,"toughasnails:purified_water_bottle":1},"minecraft:broken":{"minecraft:iron_shovel":4,"spartanshields:iron_tower_shield":1,"toughasnails:water_canteen":1,"minecraft:iron_axe":1,"minecraft:iron_pickaxe":5,"toughasnails:purified_water_canteen":2},"minecraft:killed_by":{"born_in_chaos_v1:decaying_zombie_not_despawn":1,"minecraft:zombie_villager":1,"mutantmonsters:mutant_zombie":2,"minecraft:creeper":1,"born_in_chaos_v1:corpse_fly":1,"minecraft:vindicator":12,"minecraft:zombie":3,"born_in_chaos_v1:door_knight_not_despawn":1,"iceandfire:fire_dragon":13,"minecraft:vex":3,"minecraft:player":5,"born_in_chaos_v1:restless_spirit":1,"born_in_chaos_v1:barrel_zombie":1,"minecraft:skeleton":3,"illagerinvasion:marauder":5,"born_in_chaos_v1:maggot":1},"minecraft:mined":{"minecraft:spruce_planks":1,"minecraft:white_bed":6,"minecraft:oak_sapling":1,"minecraft:cobblestone_stairs":7,"minecraft:spruce_trapdoor":62,"minecraft:granite":66,"minecraft:grass_block":569,"minecraft:composter":1,"minecraft:chiseled_stone_bricks":2,"minecraft:spawner":3,"minecraft:magma_block":1,"minecraft:iron_ore":3,"minecraft:fire":28,"minecraft:barrel":5,"born_in_chaos_v1:black_argillite_brick_stairs":4,"minecraft:black_carpet":2,"minecraft:fletching_table":1,"minecraft:anvil":2,"minecraft:azure_bluet":1,"minecraft:pointed_dripstone":3,"minecraft:dirt_path":1,"minecraft:oak_stairs":2,"minecraft:red_bed":9,"minecraft:torch":1,"minecraft:poppy":2,"minecraft:chest":25,"minecraft:cobblestone":36,"minecraft:oak_planks":6,"minecraft:wall_torch":16,"minecraft:dark_oak_slab":2,"minecraft:mud":3,"born_in_chaos_v1:river_mint":1,"minecraft:stripped_oak_wood":1,"born_in_chaos_v1:black_argillite_brick":5,"minecraft:grass":162,"minecraft:oak_log":50,"minecraft:sand":21,"minecraft:dirt":575,"minecraft:netherrack":1,"minecraft:oak_leaves":27,"minecraft:red_carpet":7,"iceandfire:silver_ore":7,"minecraft:mossy_cobblestone":2,"minecraft:dark_oak_log":6,"minecraft:lever":2,"born_in_chaos_v1:black_argillite_brick_wall":1,"minecraft:spruce_leaves":77,"minecraft:hay_block":58,"minecraft:spruce_sapling":1,"minecraft:furnace":3,"minecraft:andesite":58,"minecraft:gold_block":2,"minecraft:bell":1,"minecraft:bookshelf":1,"minecraft:stone":1108,"toughasnails:water_purifier":2,"minecraft:dandelion":12,"minecraft:crafting_table":10,"minecraft:cornflower":3,"minecraft:oak_wood":15,"minecraft:sculk_sensor":1,"minecraft:tall_grass":51,"minecraft:copper_ore":12,"minecraft:lapis_ore":3,"minecraft:sweet_berry_bush":9,"minecraft:black_wall_banner":1,"minecraft:gray_bed":1,"minecraft:spruce_log":4,"minecraft:white_wall_banner":4,"minecraft:yellow_bed":8,"minecraft:coal_ore":53,"minecraft:gravel":25,"minecraft:dripstone_block":1,"minecraft:gray_carpet":1,"minecraft:cobweb":3,"minecraft:cracked_stone_bricks":3,"minecraft:polished_andesite":7,"minecraft:stone_bricks":14,"minecraft:fern":1},"minecraft:crafted":{"minecraft:oak_planks":184,"spartanshields:wooden_tower_shield":2,"minecraft:cobblestone_stairs":48,"minecraft:diamond_shovel":2,"minecraft:glass":14,"minecraft:chest":2,"minecraft:glass_bottle":9,"minecraft:cooked_porkchop":6,"minecraft:crafting_table":8,"minecraft:iron_helmet":1,"spartanshields:iron_tower_shield":2,"minecraft:baked_potato":9,"minecraft:hay_block":4,"minecraft:iron_chestplate":2,"minecraft:charcoal":21,"minecraft:emerald_block":7,"toughasnails:water_purifier":1,"minecraft:stick":76,"minecraft:iron_ingot":2,"minecraft:iron_pickaxe":7,"toughasnails:empty_canteen":1,"minecraft:oak_door":3,"minecraft:furnace":6,"minecraft:bone_meal":27,"minecraft:oak_trapdoor":2,"minecraft:iron_axe":2,"minecraft:iron_hoe":1,"minecraft:dark_oak_planks":24,"minecraft:cooked_beef":3,"iceandfire:silver_ingot":5,"minecraft:iron_sword":1,"minecraft:air":0,"minecraft:iron_shovel":5,"minecraft:iron_leggings":1,"iceandfire:silver_pickaxe":1,"minecraft:torch":124}},"DataVersion":3465}