{"stats":{"minecraft:killed":{"born_in_chaos_v1:zombie_lumberjack":1,"born_in_chaos_v1:restless_spirit":9,"born_in_chaos_v1:door_knight_not_despawn":1,"born_in_chaos_v1:pumpkin_spirit":1,"minecraft:spider":2,"enemyexpansion:direwolf":3,"born_in_chaos_v1:maggot":2,"born_in_chaos_v1:corpse_fish":2,"born_in_chaos_v1:firelight_not_despawn":2,"minecraft:zombie_villager":1,"born_in_chaos_v1:decrepit_skeleton":1,"minecraft:sheep":2,"minecraft:zombie":2,"born_in_chaos_v1:corpse_fly":4,"alexsmobs:fly":1,"minecraft:cow":1,"enemyexpansion:slugger":1},"minecraft:used":{"minecraft:iron_shovel":194,"toughasnails:water_purifier":3,"minecraft:chest":12,"minecraft:iron_sword":26,"minecraft:rotten_flesh":1,"minecraft:oak_door":3,"minecraft:torch":16,"minecraft:iron_chestplate":2,"minecraft:dirt":286,"minecraft:spyglass":3,"minecraft:anvil":2,"minecraft:carrot":1,"born_in_chaos_v1:corpse_maggot":3,"born_in_chaos_v1:smoked_flesh":3,"minecraft:lantern":1,"minecraft:iron_axe":206,"minecraft:iron_helmet":2,"minecraft:dark_oak_slab":2,"minecraft:iron_boots":4,"minecraft:stone_bricks":5,"born_in_chaos_v1:black_argillite_brick":3,"minecraft:red_carpet":10,"minecraft:magma_block":1,"minecraft:hay_block":1,"minecraft:sweet_berries":4,"minecraft:oak_sapling":4,"minecraft:furnace":8,"minecraft:iron_leggings":5,"minecraft:water_bucket":4,"minecraft:glass_bottle":59,"minecraft:polished_andesite":4,"minecraft:baked_potato":1,"minecraft:oak_planks":38,"minecraft:spruce_sign":1,"minecraft:cracked_stone_bricks":2,"spartanshields:iron_tower_shield":57,"born_in_chaos_v1:black_argillite_brick_stairs":2,"minecraft:crafting_table":9,"minecraft:red_bed":7,"minecraft:mud":1,"minecraft:apple":3,"minecraft:iron_pickaxe":309,"minecraft:bread":34,"minecraft:string":1,"minecraft:spruce_trapdoor":30,"minecraft:potion":6,"minecraft:cobblestone":81,"toughasnails:purified_water_bottle":44,"minecraft:cooked_porkchop":1,"minecraft:andesite":25,"minecraft:bucket":4,"minecraft:air":2,"minecraft:yellow_bed":2,"minecraft:cobweb":1},"minecraft:dropped":{"minecraft:porkchop":1,"minecraft:wheat_seeds":1,"minecraft:mossy_cobblestone":4,"minecraft:crafting_table":1,"minecraft:poisonous_potato":1,"minecraft:stick":7,"minecraft:cobweb":2,"minecraft:dirt":2,"born_in_chaos_v1:black_argillite_brick":2,"minecraft:paper":8,"minecraft:string":1,"minecraft:bucket":1,"minecraft:poppy":12,"minecraft:potato":1,"toughasnails:purified_water_bottle":1,"minecraft:beef":1},"minecraft:custom":{"minecraft:mob_kills":36,"minecraft:interact_with_crafting_table":55,"minecraft:open_barrel":24,"minecraft:leave_game":1,"minecraft:time_since_death":75344,"minecraft:climb_one_cm":18406,"minecraft:sprint_one_cm":504899,"minecraft:walk_one_cm":725033,"minecraft:damage_blocked_by_shield":1200,"minecraft:drop":21,"minecraft:talked_to_villager":12,"minecraft:play_time":246392,"minecraft:deaths":18,"minecraft:sneak_time":5845,"minecraft:walk_under_water_one_cm":12612,"minecraft:interact_with_brewingstand":2,"minecraft:jump":2994,"minecraft:interact_with_blast_furnace":2,"minecraft:walk_on_water_one_cm":35161,"minecraft:total_world_time":246392,"minecraft:interact_with_furnace":37,"spartanshields:shield_bash_hits":12,"minecraft:sleep_in_bed":24,"minecraft:time_since_rest":51402,"minecraft:damage_taken":6585,"minecraft:damage_dealt":7461,"minecraft:swim_one_cm":9790,"minecraft:fly_one_cm":488883,"minecraft:open_chest":202,"minecraft:crouch_one_cm":17454,"minecraft:interact_with_smoker":5,"minecraft:fall_one_cm":69294},"minecraft:picked_up":{"irons_spellbooks:scroll":4,"minecraft:mud":2,"minecraft:charcoal":6,"minecraft:iron_chestplate":8,"minecraft:crafting_table":7,"minecraft:wheat":182,"minecraft:flower_pot":9,"born_in_chaos_v1:river_mint":2,"minecraft:anvil":10,"minecraft:brown_mushroom":36,"born_in_chaos_v1:black_argillite_brick_wall":1,"minecraft:potion":5,"minecraft:gold_block":10,"minecraft:enchanted_book":12,"minecraft:chain":14,"minecraft:brick":32,"minecraft:red_bed":9,"minecraft:string":4,"minecraft:raw_copper":11,"minecraft:iron_axe":15,"minecraft:iron_leggings":11,"minecraft:compass":1,"minecraft:iron_shovel":6,"born_in_chaos_v1:black_argillite_brick":5,"minecraft:cracked_stone_bricks":2,"irons_spellbooks:arcane_essence":12,"minecraft:bucket":5,"minecraft:beef":1,"minecraft:poppy":19,"minecraft:iron_pickaxe":17,"minecraft:chest":43,"minecraft:spruce_trapdoor":55,"minecraft:iron_boots":8,"minecraft:furnace":3,"minecraft:stick":73,"minecraft:raw_iron":8,"minecraft:copper_ingot":3,"minecraft:torch":11,"minecraft:porkchop":1,"born_in_chaos_v1:black_argillite_brick_stairs":4,"minecraft:carrot":166,"minecraft:arrow":24,"minecraft:rotten_flesh":49,"minecraft:hay_block":261,"minecraft:gold_ingot":84,"minecraft:leather_horse_armor":4,"minecraft:mutton":15,"minecraft:white_wool":2,"minecraft:cobblestone":194,"born_in_chaos_v1:corpse_maggot":8,"minecraft:magma_block":2,"minecraft:cooked_beef":2,"minecraft:water_bucket":5,"minecraft:andesite":28,"minecraft:leather":21,"minecraft:potato":51,"minecraft:flint":28,"minecraft:oak_log":42,"toughasnails:purified_water_bottle":16,"minecraft:yellow_bed":6,"minecraft:gunpowder":9,"minecraft:map":2,"minecraft:lapis_lazuli":111,"minecraft:dirt":330,"minecraft:paper":34,"minecraft:lantern":3,"minecraft:name_tag":1,"minecraft:cooked_mutton":1,"minecraft:red_carpet":34,"minecraft:bone":35,"minecraft:apple":52,"minecraft:stone_bricks":9,"minecraft:bow":7,"minecraft:wheat_seeds":2,"minecraft:bell":1,"minecraft:rabbit_hide":4,"born_in_chaos_v1:smoked_flesh":12,"minecraft:iron_ingot":160,"minecraft:cobweb":9,"minecraft:rabbit":4,"minecraft:glass_bottle":38,"minecraft:iron_sword":15,"minecraft:oak_planks":93,"minecraft:book":22,"minecraft:dark_oak_slab":4,"minecraft:emerald_block":79,"spartanshields:iron_tower_shield":10,"minecraft:cooked_porkchop":1,"minecraft:sweet_berries":15,"born_in_chaos_v1:ethereal_spirit":60,"minecraft:spyglass":8,"minecraft:poisonous_potato":3,"minecraft:sand":76,"minecraft:spruce_sapling":2,"alexsmobs:lava_bottle":4,"minecraft:white_bed":1,"minecraft:spruce_log":4,"minecraft:spider_eye":5,"minecraft:mossy_cobblestone":6,"minecraft:oak_wood":15,"minecraft:polished_andesite":9,"toughasnails:water_purifier":2,"born_in_chaos_v1:fire_dust":8,"minecraft:diamond":4,"minecraft:iron_helmet":10,"minecraft:golden_apple":5,"minecraft:spruce_sign":1,"minecraft:emerald":152,"minecraft:bread":216,"alexsmobs:maggot":1,"minecraft:baked_potato":24,"minecraft:oak_sapling":13,"born_in_chaos_v1:rotten_fish":3,"minecraft:coal":88},"minecraft:broken":{"minecraft:iron_shovel":1,"minecraft:iron_axe":1,"minecraft:iron_pickaxe":1},"minecraft:crafted":{"minecraft:oak_door":3,"minecraft:oak_planks":88,"spartanshields:wooden_tower_shield":1,"minecraft:furnace":5,"minecraft:glass":14,"minecraft:iron_axe":1,"minecraft:glass_bottle":9,"minecraft:crafting_table":3,"minecraft:baked_potato":9,"spartanshields:iron_tower_shield":1,"minecraft:iron_helmet":1,"minecraft:hay_block":4,"minecraft:air":0,"minecraft:iron_chestplate":1,"minecraft:charcoal":21,"minecraft:emerald_block":7,"toughasnails:water_purifier":1,"minecraft:stick":8,"minecraft:iron_ingot":2,"minecraft:iron_leggings":1,"minecraft:torch":64},"minecraft:killed_by":{"born_in_chaos_v1:decaying_zombie_not_despawn":1,"minecraft:zombie_villager":1,"mutantmonsters:mutant_zombie":2,"born_in_chaos_v1:restless_spirit":1,"minecraft:creeper":1,"minecraft:vindicator":1,"minecraft:zombie":3,"born_in_chaos_v1:door_knight_not_despawn":1,"minecraft:vex":3},"minecraft:mined":{"minecraft:red_carpet":7,"minecraft:white_bed":1,"minecraft:mossy_cobblestone":2,"minecraft:spruce_trapdoor":31,"born_in_chaos_v1:black_argillite_brick_wall":1,"minecraft:grass_block":94,"minecraft:spawner":3,"minecraft:hay_block":40,"minecraft:magma_block":1,"minecraft:furnace":3,"minecraft:iron_ore":3,"minecraft:fire":24,"born_in_chaos_v1:black_argillite_brick_stairs":4,"minecraft:andesite":30,"minecraft:anvil":2,"minecraft:gold_block":2,"minecraft:bell":1,"minecraft:bookshelf":1,"minecraft:stone":146,"minecraft:red_bed":7,"toughasnails:water_purifier":2,"minecraft:crafting_table":7,"minecraft:oak_wood":15,"minecraft:chest":22,"minecraft:copper_ore":4,"minecraft:cobblestone":26,"minecraft:oak_planks":4,"minecraft:wall_torch":7,"minecraft:dark_oak_slab":2,"minecraft:mud":2,"minecraft:spruce_log":4,"born_in_chaos_v1:river_mint":1,"born_in_chaos_v1:black_argillite_brick":5,"minecraft:yellow_bed":2,"minecraft:grass":12,"minecraft:oak_log":36,"minecraft:coal_ore":44,"minecraft:sand":21,"minecraft:dirt":195,"minecraft:cobweb":3,"minecraft:cracked_stone_bricks":3,"minecraft:stone_bricks":6,"minecraft:polished_andesite":7,"minecraft:netherrack":1,"minecraft:oak_leaves":5}},"DataVersion":3465}