{"stats":{"minecraft:picked_up":{"minecraft:black_carpet":1,"irons_spellbooks:scroll":4,"minecraft:lingering_potion":2,"minecraft:mud":4,"minecraft:charcoal":12,"minecraft:iron_chestplate":10,"minecraft:crafting_table":9,"minecraft:wheat":192,"minecraft:flower_pot":9,"born_in_chaos_v1:river_mint":2,"minecraft:anvil":10,"minecraft:brown_mushroom":41,"born_in_chaos_v1:black_argillite_brick_wall":1,"minecraft:potion":6,"minecraft:gold_block":10,"minecraft:enchanted_book":15,"minecraft:chain":15,"minecraft:brick":33,"minecraft:item_frame":1,"minecraft:string":4,"minecraft:red_bed":9,"minecraft:raw_copper":32,"minecraft:iron_axe":18,"minecraft:iron_leggings":23,"minecraft:compass":1,"minecraft:iron_shovel":6,"born_in_chaos_v1:black_argillite_brick":5,"illagerinvasion:platinum_infused_hatchet":1,"minecraft:cracked_stone_bricks":2,"irons_spellbooks:arcane_essence":12,"minecraft:bucket":8,"minecraft:beef":1,"minecraft:poppy":25,"minecraft:iron_pickaxe":27,"minecraft:chest":50,"minecraft:spruce_trapdoor":110,"minecraft:iron_boots":20,"minecraft:furnace":3,"minecraft:stick":82,"minecraft:raw_iron":8,"minecraft:composter":1,"minecraft:copper_ingot":7,"minecraft:torch":141,"minecraft:porkchop":1,"born_in_chaos_v1:black_argillite_brick_stairs":4,"minecraft:carrot":170,"spartanshields:stone_basic_shield":1,"minecraft:dark_oak_planks":15,"minecraft:arrow":42,"minecraft:rotten_flesh":64,"minecraft:hay_block":273,"minecraft:black_banner":1,"minecraft:totem_of_undying":2,"minecraft:gold_ingot":100,"minecraft:leather_horse_armor":5,"minecraft:mutton":15,"minecraft:white_wool":2,"minecraft:cobblestone":1038,"minecraft:oxeye_daisy":1,"minecraft:leather_chestplate":1,"born_in_chaos_v1:corpse_maggot":11,"minecraft:magma_block":2,"minecraft:cooked_beef":3,"minecraft:water_bucket":5,"minecraft:andesite":34,"minecraft:leather":25,"minecraft:potato":65,"minecraft:flint":28,"minecraft:oak_log":42,"minecraft:chainmail_chestplate":1,"toughasnails:purified_water_bottle":29,"minecraft:yellow_bed":6,"minecraft:gunpowder":10,"minecraft:cobblestone_stairs":15,"minecraft:map":4,"minecraft:lapis_lazuli":111,"minecraft:dirt":532,"minecraft:paper":92,"minecraft:lantern":3,"minecraft:name_tag":3,"minecraft:leather_boots":1,"minecraft:cooked_mutton":1,"minecraft:red_carpet":34,"minecraft:bone":55,"minecraft:gray_carpet":1,"minecraft:apple":52,"minecraft:stone_bricks":29,"minecraft:bow":19,"minecraft:wheat_seeds":44,"minecraft:bell":1,"minecraft:rabbit_hide":4,"born_in_chaos_v1:smoked_flesh":16,"minecraft:iron_ingot":187,"minecraft:cobweb":9,"minecraft:rabbit":6,"minecraft:glass_bottle":46,"minecraft:iron_sword":21,"minecraft:oak_planks":121,"minecraft:book":28,"minecraft:dark_oak_slab":4,"minecraft:emerald_block":79,"spartanshields:iron_tower_shield":20,"minecraft:cooked_porkchop":1,"minecraft:sweet_berries":61,"minecraft:chiseled_stone_bricks":2,"born_in_chaos_v1:ethereal_spirit":77,"minecraft:spyglass":8,"minecraft:poisonous_potato":3,"minecraft:sand":76,"minecraft:dark_oak_log":6,"minecraft:spruce_sapling":6,"alexsmobs:lava_bottle":4,"minecraft:white_bed":4,"minecraft:spruce_log":4,"minecraft:green_carpet":14,"minecraft:spider_eye":5,"minecraft:barrel":5,"minecraft:mossy_cobblestone":6,"minecraft:oak_wood":15,"minecraft:polished_andesite":9,"minecraft:pumpkin_seeds":29,"toughasnails:water_purifier":2,"minecraft:yellow_carpet":1,"born_in_chaos_v1:fire_dust":8,"minecraft:diamond":11,"minecraft:chainmail_helmet":3,"minecraft:lever":2,"minecraft:iron_helmet":11,"minecraft:granite":20,"minecraft:golden_apple":6,"minecraft:spruce_sign":1,"minecraft:emerald":181,"minecraft:bread":311,"alexsmobs:maggot":1,"minecraft:baked_potato":24,"minecraft:oak_sapling":17,"born_in_chaos_v1:rotten_fish":4,"minecraft:melon_seeds":12,"minecraft:coal":116},"minecraft:killed":{"illagerinvasion:archivist":1,"born_in_chaos_v1:restless_spirit":13,"born_in_chaos_v1:zombie_lumberjack":1,"minecraft:vindicator":2,"born_in_chaos_v1:door_knight_not_despawn":1,"born_in_chaos_v1:pumpkin_spirit":1,"minecraft:spider":2,"illagerinvasion:marauder":3,"enemyexpansion:direwolf":3,"born_in_chaos_v1:maggot":4,"minecraft:skeleton":2,"born_in_chaos_v1:corpse_fish":2,"born_in_chaos_v1:firelight_not_despawn":2,"minecraft:zombie_villager":1,"born_in_chaos_v1:decrepit_skeleton":1,"minecraft:sheep":2,"minecraft:zombie":4,"born_in_chaos_v1:corpse_fly":8,"alexsmobs:fly":1,"minecraft:cow":1,"enemyexpansion:slugger":1},"minecraft:used":{"minecraft:oak_trapdoor":2,"minecraft:iron_shovel":285,"toughasnails:water_purifier":3,"minecraft:chest":15,"minecraft:iron_sword":66,"minecraft:rotten_flesh":6,"minecraft:oak_door":3,"minecraft:torch":51,"minecraft:iron_chestplate":2,"minecraft:dirt":415,"minecraft:spyglass":3,"minecraft:anvil":2,"minecraft:chainmail_chestplate":1,"minecraft:carrot":1,"minecraft:yellow_carpet":1,"minecraft:granite":9,"born_in_chaos_v1:corpse_maggot":4,"minecraft:dark_oak_planks":1,"born_in_chaos_v1:smoked_flesh":4,"minecraft:lantern":1,"minecraft:iron_axe":283,"minecraft:iron_helmet":2,"minecraft:dark_oak_slab":2,"minecraft:iron_boots":7,"minecraft:stone_bricks":5,"born_in_chaos_v1:black_argillite_brick":3,"minecraft:red_carpet":10,"minecraft:magma_block":1,"minecraft:bow":3,"minecraft:hay_block":1,"minecraft:sweet_berries":8,"minecraft:oak_sapling":7,"minecraft:furnace":8,"minecraft:iron_leggings":11,"minecraft:water_bucket":7,"minecraft:glass_bottle":67,"minecraft:polished_andesite":4,"minecraft:baked_potato":1,"minecraft:oak_planks":52,"minecraft:chainmail_helmet":1,"minecraft:spruce_sign":1,"minecraft:cracked_stone_bricks":2,"spartanshields:iron_tower_shield":78,"born_in_chaos_v1:black_argillite_brick_stairs":2,"minecraft:golden_apple":2,"minecraft:crafting_table":11,"minecraft:red_bed":7,"minecraft:white_bed":2,"minecraft:mud":2,"minecraft:lever":2,"minecraft:apple":3,"minecraft:iron_pickaxe":1030,"minecraft:string":1,"minecraft:bread":44,"minecraft:spruce_trapdoor":47,"minecraft:potion":7,"born_in_chaos_v1:rotten_fish":1,"minecraft:cobblestone":143,"toughasnails:purified_water_bottle":51,"minecraft:cooked_porkchop":1,"minecraft:andesite":27,"minecraft:bucket":7,"minecraft:air":2,"minecraft:yellow_bed":2,"minecraft:cobweb":1},"minecraft:crafted":{"minecraft:oak_door":3,"minecraft:oak_planks":124,"spartanshields:wooden_tower_shield":1,"minecraft:furnace":5,"minecraft:oak_trapdoor":2,"minecraft:glass":14,"minecraft:iron_axe":1,"minecraft:chest":2,"minecraft:dark_oak_planks":24,"minecraft:glass_bottle":9,"minecraft:crafting_table":5,"minecraft:iron_helmet":1,"spartanshields:iron_tower_shield":1,"minecraft:baked_potato":9,"minecraft:iron_sword":1,"minecraft:hay_block":4,"minecraft:air":0,"minecraft:iron_chestplate":1,"minecraft:charcoal":21,"minecraft:emerald_block":7,"toughasnails:water_purifier":1,"minecraft:stick":24,"minecraft:iron_ingot":2,"minecraft:iron_pickaxe":7,"minecraft:iron_shovel":3,"minecraft:iron_leggings":1,"minecraft:torch":64},"minecraft:broken":{"minecraft:iron_shovel":1,"minecraft:iron_axe":1,"minecraft:iron_pickaxe":4},"minecraft:mined":{"minecraft:red_carpet":7,"minecraft:white_bed":4,"minecraft:oak_sapling":1,"minecraft:mossy_cobblestone":2,"minecraft:cobblestone_stairs":3,"minecraft:dark_oak_log":6,"minecraft:lever":2,"minecraft:spruce_trapdoor":62,"minecraft:granite":15,"born_in_chaos_v1:black_argillite_brick_wall":1,"minecraft:grass_block":133,"minecraft:spruce_leaves":70,"minecraft:composter":1,"minecraft:chiseled_stone_bricks":2,"minecraft:spawner":3,"minecraft:hay_block":40,"minecraft:magma_block":1,"minecraft:furnace":3,"minecraft:iron_ore":3,"minecraft:barrel":5,"minecraft:fire":24,"born_in_chaos_v1:black_argillite_brick_stairs":4,"minecraft:andesite":36,"minecraft:black_carpet":2,"minecraft:anvil":2,"minecraft:gold_block":2,"minecraft:bell":1,"minecraft:bookshelf":1,"minecraft:stone":812,"minecraft:red_bed":7,"toughasnails:water_purifier":2,"minecraft:crafting_table":7,"minecraft:oak_wood":15,"minecraft:chest":24,"minecraft:copper_ore":7,"minecraft:cobblestone":33,"minecraft:oak_planks":6,"minecraft:wall_torch":15,"minecraft:dark_oak_slab":2,"minecraft:black_wall_banner":1,"minecraft:mud":3,"minecraft:sweet_berry_bush":5,"minecraft:spruce_log":4,"born_in_chaos_v1:river_mint":1,"born_in_chaos_v1:black_argillite_brick":5,"minecraft:yellow_bed":2,"minecraft:grass":18,"minecraft:coal_ore":44,"minecraft:oak_log":36,"minecraft:gray_carpet":1,"minecraft:sand":21,"minecraft:dirt":288,"minecraft:cobweb":3,"minecraft:cracked_stone_bricks":3,"minecraft:stone_bricks":13,"minecraft:polished_andesite":7,"minecraft:netherrack":1,"minecraft:oak_leaves":5,"minecraft:fern":1},"minecraft:custom":{"minecraft:mob_kills":57,"minecraft:interact_with_crafting_table":64,"minecraft:open_barrel":27,"minecraft:leave_game":3,"minecraft:time_since_death":6096,"minecraft:climb_one_cm":18406,"minecraft:sprint_one_cm":741313,"minecraft:walk_one_cm":1165466,"minecraft:damage_blocked_by_shield":3390,"minecraft:drop":23,"minecraft:talked_to_villager":13,"minecraft:play_time":373380,"minecraft:deaths":46,"minecraft:sneak_time":7631,"minecraft:walk_under_water_one_cm":18270,"minecraft:interact_with_brewingstand":4,"minecraft:jump":4317,"minecraft:interact_with_blast_furnace":2,"minecraft:walk_on_water_one_cm":58713,"minecraft:total_world_time":373380,"minecraft:interact_with_furnace":41,"spartanshields:shield_bash_hits":14,"minecraft:sleep_in_bed":30,"minecraft:time_since_rest":6128,"minecraft:damage_absorbed":80,"minecraft:damage_taken":14270,"minecraft:damage_dealt":11268,"minecraft:swim_one_cm":16438,"minecraft:fly_one_cm":737169,"minecraft:open_chest":305,"minecraft:crouch_one_cm":24231,"minecraft:interact_with_smoker":5,"minecraft:fall_one_cm":96147},"minecraft:killed_by":{"born_in_chaos_v1:decaying_zombie_not_despawn":1,"minecraft:zombie_villager":1,"mutantmonsters:mutant_zombie":2,"minecraft:player":4,"born_in_chaos_v1:restless_spirit":1,"minecraft:creeper":1,"minecraft:vindicator":12,"minecraft:skeleton":3,"minecraft:zombie":3,"illagerinvasion:marauder":5,"born_in_chaos_v1:door_knight_not_despawn":1,"born_in_chaos_v1:maggot":1,"minecraft:vex":3},"minecraft:dropped":{"minecraft:porkchop":1,"minecraft:wheat_seeds":1,"minecraft:mossy_cobblestone":4,"minecraft:crafting_table":1,"minecraft:poisonous_potato":1,"minecraft:stick":7,"minecraft:cobweb":2,"minecraft:dirt":2,"minecraft:torch":57,"born_in_chaos_v1:black_argillite_brick":2,"minecraft:iron_pickaxe":1,"minecraft:paper":8,"minecraft:string":1,"minecraft:bucket":1,"minecraft:poppy":12,"minecraft:potato":1,"toughasnails:purified_water_bottle":1,"minecraft:beef":1}},"DataVersion":3465}