{"stats":{"minecraft:custom":{"minecraft:interact_with_anvil":2,"minecraft:mob_kills":29,"minecraft:interact_with_crafting_table":41,"minecraft:open_barrel":5,"minecraft:leave_game":3,"minecraft:time_since_death":7459,"minecraft:climb_one_cm":31543,"minecraft:sprint_one_cm":617688,"minecraft:damage_blocked_by_shield":60,"minecraft:walk_one_cm":551288,"minecraft:drop":47,"minecraft:talked_to_villager":15,"minecraft:play_time":222136,"minecraft:sneak_time":507,"minecraft:deaths":8,"minecraft:walk_under_water_one_cm":22864,"minecraft:boat_one_cm":24941,"minecraft:jump":2772,"minecraft:walk_on_water_one_cm":41453,"minecraft:total_world_time":222136,"minecraft:interact_with_furnace":38,"minecraft:traded_with_villager":10,"minecraft:interact_with_grindstone":1,"minecraft:sleep_in_bed":20,"minecraft:time_since_rest":767,"minecraft:damage_taken":3345,"minecraft:damage_dealt":3506,"minecraft:player_kills":1,"minecraft:swim_one_cm":20725,"minecraft:fly_one_cm":411158,"minecraft:open_chest":164,"minecraft:crouch_one_cm":110,"minecraft:fall_one_cm":55723},"minecraft:picked_up":{"irons_spellbooks:scroll":1,"minecraft:charcoal":26,"minecraft:crafting_table":1,"minecraft:iron_chestplate":5,"illagerinvasion:platinum_chunk":3,"minecraft:prismarine_shard":6,"minecraft:leather_leggings":2,"minecraft:wooden_pickaxe":1,"minecraft:potion":10,"minecraft:string":3,"minecraft:raw_copper":66,"minecraft:iron_axe":6,"minecraft:iron_leggings":1,"minecraft:deepslate_tiles":1,"minecraft:gold_nugget":6,"minecraft:oak_boat":1,"minecraft:iron_pickaxe":4,"minecraft:spruce_slab":6,"minecraft:sugar_cane":9,"irons_spellbooks:inscription_table":1,"minecraft:iron_boots":5,"minecraft:furnace":1,"minecraft:stick":9,"minecraft:raw_iron":29,"minecraft:oak_door":3,"minecraft:torch":30,"minecraft:pointed_dripstone":5,"minecraft:diorite":2,"minecraft:carrot":35,"spartanshields:stone_basic_shield":7,"enemyexpansion:meathead_helmet":7,"minecraft:stone_sword":1,"minecraft:arrow":76,"minecraft:rotten_flesh":10,"minecraft:deepslate_bricks":1,"minecraft:hay_block":36,"minecraft:gold_ingot":6,"minecraft:white_terracotta":1,"irons_spellbooks:copper_spell_book":2,"minecraft:cobblestone":51,"minecraft:stripped_oak_log":1,"born_in_chaos_v1:corpse_maggot":14,"minecraft:magma_block":1,"minecraft:leather_chestplate":2,"minecraft:andesite":2,"minecraft:salmon":3,"minecraft:leather":7,"minecraft:potato":29,"minecraft:oak_log":13,"toughasnails:purified_water_bottle":1,"minecraft:gunpowder":1,"rats:raw_rat":1,"minecraft:lapis_lazuli":2,"minecraft:dirt":50,"minecraft:bone":6,"minecraft:apple":1,"minecraft:bow":1,"minecraft:stone_pickaxe":3,"minecraft:iron_ingot":6,"minecraft:glass_bottle":5,"minecraft:iron_sword":15,"minecraft:oak_planks":23,"minecraft:book":27,"minecraft:oak_slab":1,"toughasnails:purified_water_canteen":5,"minecraft:emerald_block":4,"minecraft:cooked_porkchop":5,"minecraft:poisonous_potato":4,"minecraft:dripstone_block":8,"minecraft:sand":20,"alexsmobs:animal_dictionary":1,"alexsmobs:raw_catfish":3,"minecraft:oak_wood":20,"toughasnails:water_purifier":3,"toughasnails:water_canteen":2,"minecraft:stone_axe":2,"minecraft:chainmail_leggings":1,"minecraft:crossbow":2,"minecraft:granite":1,"minecraft:bone_meal":1,"minecraft:spruce_sign":13,"minecraft:bread":346,"minecraft:emerald":30,"minecraft:oak_sapling":4,"born_in_chaos_v1:rotten_fish":2,"minecraft:coal":57,"iceandfire:raw_silver":7},"minecraft:killed_by":{"irons_spellbooks:summoned_skeleton":1,"minecraft:iron_golem":1,"enemyexpansion:equestrian":1,"born_in_chaos_v1:zombie_fisherman":1,"irons_spellbooks:necromancer":1,"minecraft:vex":1},"minecraft:crafted":{"minecraft:oak_planks":60,"minecraft:glass":17,"minecraft:bow":1,"minecraft:iron_boots":1,"minecraft:iron_axe":1,"minecraft:stone_pickaxe":1,"minecraft:chest":3,"minecraft:oak_fence":3,"minecraft:wheat":459,"minecraft:glass_bottle":12,"minecraft:oak_slab":6,"minecraft:arrow":128,"irons_spellbooks:copper_spell_book":1,"minecraft:crafting_table":1,"minecraft:wooden_pickaxe":1,"spartanshields:stone_basic_shield":1,"minecraft:copper_ingot":8,"minecraft:stone_axe":1,"minecraft:bread":104,"minecraft:oak_boat":1,"minecraft:iron_chestplate":2,"minecraft:paper":9,"minecraft:charcoal":8,"toughasnails:water_purifier":1,"minecraft:stick":16,"minecraft:iron_ingot":29,"minecraft:iron_pickaxe":1,"minecraft:stone_sword":1,"minecraft:iron_leggings":1,"spartanshields:wooden_basic_shield":1,"irons_spellbooks:inscription_table":1,"minecraft:torch":16,"toughasnails:empty_canteen":1},"minecraft:killed":{"irons_spellbooks:summoned_zombie":2,"born_in_chaos_v1:maggot":5,"born_in_chaos_v1:corpse_fish":1,"minecraft:drowned":1,"irons_spellbooks:summoned_skeleton":1,"born_in_chaos_v1:barrel_zombie":1,"minecraft:pig":2,"minecraft:salmon":3,"rats:rat":1,"born_in_chaos_v1:decrepit_skeleton":1,"minecraft:pillager":1,"enemyexpansion:meature":1,"minecraft:zombie":4,"minecraft:donkey":1,"born_in_chaos_v1:corpse_fly":1,"alexsmobs:fly":1,"alexsmobs:crow":1},"minecraft:dropped":{"minecraft:iron_ingot":6,"minecraft:bread":26,"minecraft:iron_sword":2,"minecraft:oak_slab":1,"minecraft:glass_bottle":3,"minecraft:dripstone_block":8,"minecraft:poisonous_potato":2,"minecraft:cobblestone":23,"minecraft:leather":6,"minecraft:granite":1,"minecraft:stick":3,"minecraft:dirt":6,"minecraft:diorite":2,"minecraft:torch":30,"minecraft:iron_leggings":1,"minecraft:gold_nugget":1,"minecraft:bone_meal":1,"minecraft:chainmail_leggings":1,"minecraft:paper":1,"minecraft:oak_door":2,"minecraft:stone_axe":1,"minecraft:iron_nugget":1,"born_in_chaos_v1:rotten_fish":1,"minecraft:rotten_flesh":4,"minecraft:oak_planks":1,"minecraft:iron_boots":1,"minecraft:deepslate_bricks":1,"minecraft:gunpowder":1,"minecraft:iron_chestplate":1,"minecraft:andesite":2,"toughasnails:purified_water_bottle":1,"minecraft:magma_block":1},"minecraft:broken":{"toughasnails:purified_water_canteen":2},"minecraft:mined":{"minecraft:deepslate_tiles":2,"minecraft:spruce_planks":2,"iceandfire:silver_ore":2,"minecraft:granite":1,"minecraft:grass_block":15,"minecraft:deepslate_bricks":1,"minecraft:hay_block":29,"minecraft:magma_block":6,"minecraft:furnace":1,"minecraft:iron_ore":20,"minecraft:fire":6,"minecraft:andesite":2,"minecraft:bookshelf":9,"minecraft:stripped_oak_log":1,"irons_spellbooks:inscription_table":1,"minecraft:stone":23,"minecraft:spruce_slab":4,"minecraft:oak_slab":1,"toughasnails:water_purifier":1,"minecraft:crafting_table":1,"minecraft:oak_wood":10,"minecraft:copper_ore":19,"minecraft:tall_grass":1,"minecraft:cobblestone":2,"minecraft:sugar_cane":8,"minecraft:oak_planks":3,"minecraft:diorite":2,"minecraft:white_terracotta":1,"minecraft:grass":2,"minecraft:oak_log":13,"minecraft:coal_ore":51,"minecraft:sand":19,"minecraft:dripstone_block":5,"minecraft:dirt":23,"minecraft:cobweb":1,"minecraft:oak_leaves":6},"minecraft:used":{"irons_spellbooks:inscription_table":2,"minecraft:stone_sword":2,"toughasnails:water_purifier":1,"minecraft:spruce_slab":4,"minecraft:chest":3,"minecraft:white_terracotta":1,"minecraft:iron_sword":102,"minecraft:oak_door":1,"minecraft:torch":16,"minecraft:dirt":31,"toughasnails:empty_canteen":3,"minecraft:iron_axe":52,"minecraft:furnace":1,"minecraft:glass_bottle":14,"minecraft:stone_pickaxe":125,"minecraft:oak_planks":3,"minecraft:wooden_pickaxe":12,"toughasnails:water_canteen":47,"minecraft:crafting_table":2,"spartanshields:stone_basic_shield":1,"minecraft:bread":40,"minecraft:iron_pickaxe":4,"minecraft:stone_axe":24,"minecraft:cobblestone":14,"toughasnails:purified_water_bottle":10,"toughasnails:purified_water_canteen":22,"minecraft:oak_boat":2,"alexsmobs:animal_dictionary":5}},"DataVersion":3465}