{"stats":{"minecraft:picked_up":{"born_in_chaos_v1:corpse_maggot":1,"minecraft:charcoal":8,"minecraft:magma_block":1,"illagerinvasion:platinum_chunk":3,"minecraft:andesite":2,"minecraft:salmon":3,"minecraft:leather":4,"minecraft:wooden_pickaxe":1,"minecraft:potion":10,"minecraft:oak_log":13,"toughasnails:purified_water_bottle":1,"minecraft:gunpowder":1,"rats:raw_rat":1,"minecraft:dirt":24,"minecraft:raw_copper":66,"minecraft:iron_axe":2,"minecraft:apple":1,"minecraft:iron_ingot":4,"minecraft:stone_pickaxe":3,"minecraft:glass_bottle":5,"minecraft:iron_sword":2,"minecraft:oak_planks":9,"minecraft:iron_boots":1,"minecraft:book":27,"minecraft:stick":2,"minecraft:raw_iron":8,"toughasnails:purified_water_canteen":3,"minecraft:torch":29,"minecraft:dripstone_block":1,"minecraft:sand":20,"minecraft:diorite":2,"spartanshields:stone_basic_shield":3,"enemyexpansion:meathead_helmet":3,"alexsmobs:animal_dictionary":1,"minecraft:oak_wood":20,"alexsmobs:raw_catfish":3,"minecraft:stone_sword":1,"minecraft:rotten_flesh":2,"minecraft:stone_axe":2,"minecraft:granite":1,"minecraft:deepslate_bricks":1,"minecraft:hay_block":26,"minecraft:bread":108,"minecraft:spruce_sign":13,"minecraft:emerald":2,"minecraft:white_terracotta":1,"minecraft:oak_sapling":4,"minecraft:coal":51,"iceandfire:raw_silver":2,"minecraft:cobblestone":36},"minecraft:killed":{"irons_spellbooks:summoned_zombie":2,"minecraft:salmon":3,"rats:rat":1,"born_in_chaos_v1:maggot":2,"minecraft:pillager":1,"enemyexpansion:meature":1,"minecraft:donkey":1,"minecraft:zombie":3,"minecraft:drowned":1,"irons_spellbooks:summoned_skeleton":1},"minecraft:used":{"irons_spellbooks:inscription_table":1,"minecraft:stone_sword":2,"toughasnails:water_purifier":1,"minecraft:glass_bottle":14,"minecraft:stone_pickaxe":99,"minecraft:chest":2,"minecraft:wooden_pickaxe":12,"minecraft:white_terracotta":1,"minecraft:iron_sword":64,"toughasnails:water_canteen":36,"minecraft:torch":14,"minecraft:dirt":10,"minecraft:crafting_table":1,"toughasnails:empty_canteen":1,"spartanshields:stone_basic_shield":1,"minecraft:iron_axe":37,"minecraft:bread":22,"minecraft:stone_axe":24,"toughasnails:purified_water_bottle":10,"toughasnails:purified_water_canteen":6,"alexsmobs:animal_dictionary":5},"minecraft:crafted":{"minecraft:glass_bottle":12,"minecraft:oak_slab":6,"minecraft:oak_planks":60,"minecraft:crafting_table":1,"minecraft:wooden_pickaxe":1,"spartanshields:stone_basic_shield":1,"minecraft:copper_ingot":6,"minecraft:stone_axe":1,"minecraft:bread":104,"minecraft:glass":17,"minecraft:charcoal":8,"toughasnails:water_purifier":1,"minecraft:iron_axe":1,"minecraft:stick":12,"minecraft:stone_pickaxe":1,"minecraft:stone_sword":1,"minecraft:chest":2,"spartanshields:wooden_basic_shield":1,"irons_spellbooks:inscription_table":1,"minecraft:torch":16,"minecraft:oak_fence":3,"toughasnails:empty_canteen":1,"minecraft:wheat":297},"minecraft:mined":{"minecraft:deepslate_tiles":1,"iceandfire:silver_ore":2,"minecraft:granite":1,"minecraft:oak_wood":10,"minecraft:grass_block":5,"minecraft:copper_ore":19,"minecraft:deepslate_bricks":1,"minecraft:tall_grass":1,"minecraft:diorite":2,"minecraft:hay_block":29,"minecraft:white_terracotta":1,"minecraft:magma_block":6,"minecraft:iron_ore":8,"minecraft:fire":6,"minecraft:andesite":2,"minecraft:coal_ore":51,"minecraft:grass":2,"minecraft:bookshelf":9,"minecraft:oak_log":13,"minecraft:sand":19,"minecraft:dripstone_block":1,"minecraft:dirt":12,"minecraft:stone":15,"minecraft:oak_leaves":6},"minecraft:custom":{"minecraft:interact_with_furnace":17,"minecraft:interact_with_anvil":1,"minecraft:mob_kills":16,"minecraft:traded_with_villager":1,"minecraft:interact_with_crafting_table":28,"minecraft:open_barrel":4,"minecraft:time_since_death":19249,"minecraft:sleep_in_bed":13,"minecraft:climb_one_cm":14885,"minecraft:time_since_rest":19273,"minecraft:sprint_one_cm":293982,"minecraft:damage_taken":1590,"minecraft:walk_one_cm":270038,"minecraft:damage_blocked_by_shield":60,"minecraft:drop":20,"minecraft:damage_dealt":2425,"minecraft:swim_one_cm":2070,"minecraft:talked_to_villager":11,"minecraft:fly_one_cm":166380,"minecraft:deaths":4,"minecraft:open_chest":55,"minecraft:crouch_one_cm":59,"minecraft:play_time":112667,"minecraft:sneak_time":257,"minecraft:walk_under_water_one_cm":15231,"minecraft:jump":1301,"minecraft:walk_on_water_one_cm":25974,"minecraft:total_world_time":112667,"minecraft:fall_one_cm":20529},"minecraft:killed_by":{"irons_spellbooks:necromancer":1,"irons_spellbooks:summoned_skeleton":1,"minecraft:vex":1},"minecraft:dropped":{"minecraft:bread":26,"minecraft:iron_ingot":4,"minecraft:stone_axe":1,"minecraft:iron_nugget":1,"minecraft:glass_bottle":3,"minecraft:cobblestone":21,"minecraft:rotten_flesh":1,"minecraft:oak_planks":1,"minecraft:dirt":4,"minecraft:gunpowder":1,"minecraft:torch":29,"toughasnails:purified_water_bottle":1,"minecraft:gold_nugget":1,"minecraft:magma_block":1,"minecraft:paper":1}},"DataVersion":3465}