{"stats":{"minecraft:picked_up":{"minecraft:book":3,"minecraft:magma_block":1,"illagerinvasion:platinum_chunk":2,"minecraft:wooden_pickaxe":1,"minecraft:dripstone_block":1,"minecraft:oak_log":5,"spartanshields:stone_basic_shield":1,"minecraft:dirt":9,"alexsmobs:animal_dictionary":1,"alexsmobs:raw_catfish":3,"minecraft:stone_sword":1,"minecraft:rotten_flesh":1,"minecraft:stone_axe":1,"minecraft:hay_block":6,"minecraft:stone_pickaxe":1,"minecraft:emerald":2,"minecraft:bread":12,"minecraft:white_terracotta":1,"minecraft:oak_planks":9,"minecraft:cobblestone":12},"minecraft:killed":{"minecraft:pillager":1,"minecraft:drowned":1},"minecraft:used":{"minecraft:stone_sword":2,"spartanshields:stone_basic_shield":1,"minecraft:bread":6,"minecraft:stone_pickaxe":9,"minecraft:wooden_pickaxe":12,"minecraft:white_terracotta":1,"minecraft:iron_sword":16,"minecraft:stone_axe":4,"alexsmobs:animal_dictionary":2},"minecraft:crafted":{"minecraft:oak_planks":20,"minecraft:stick":8,"minecraft:wooden_pickaxe":1,"minecraft:stone_pickaxe":1,"minecraft:stone_sword":1,"spartanshields:wooden_basic_shield":1,"spartanshields:stone_basic_shield":1,"minecraft:stone_axe":1,"minecraft:bread":15,"minecraft:wheat":45},"minecraft:mined":{"minecraft:hay_block":9,"minecraft:white_terracotta":1,"minecraft:magma_block":6,"minecraft:fire":6,"minecraft:grass":2,"minecraft:grass_block":3,"minecraft:bookshelf":1,"minecraft:oak_log":5,"minecraft:dripstone_block":1,"minecraft:dirt":6,"minecraft:stone":12,"minecraft:oak_leaves":2},"minecraft:custom":{"minecraft:time_since_rest":8933,"minecraft:sprint_one_cm":128943,"minecraft:damage_taken":673,"minecraft:walk_one_cm":75536,"minecraft:damage_blocked_by_shield":60,"minecraft:mob_kills":2,"minecraft:drop":2,"minecraft:damage_dealt":673,"minecraft:talked_to_villager":4,"minecraft:interact_with_crafting_table":3,"minecraft:fly_one_cm":81147,"minecraft:open_barrel":4,"minecraft:open_chest":17,"minecraft:play_time":28667,"minecraft:deaths":2,"minecraft:walk_under_water_one_cm":4435,"minecraft:jump":427,"minecraft:walk_on_water_one_cm":5350,"minecraft:time_since_death":19469,"minecraft:sleep_in_bed":5,"minecraft:climb_one_cm":6118,"minecraft:total_world_time":28667,"minecraft:fall_one_cm":11876},"minecraft:killed_by":{"minecraft:vex":1},"minecraft:dropped":{"minecraft:gold_nugget":1,"minecraft:rotten_flesh":1}},"DataVersion":3465}