{"stats":{"minecraft:custom":{"minecraft:interact_with_crafting_table":63,"minecraft:open_barrel":68,"minecraft:bell_ring":3,"minecraft:leave_game":9,"minecraft:time_since_death":5835,"minecraft:sprint_one_cm":1955170,"minecraft:damage_blocked_by_shield":385,"minecraft:drop":116,"minecraft:talked_to_villager":25,"minecraft:play_time":606547,"minecraft:deaths":32,"minecraft:jump":8754,"minecraft:interact_with_brewingstand":1,"minecraft:walk_on_water_one_cm":74597,"minecraft:interact_with_furnace":51,"minecraft:traded_with_villager":20,"minecraft:interact_with_loom":1,"minecraft:sleep_in_bed":45,"minecraft:damage_dealt":11019,"minecraft:player_kills":3,"minecraft:crouch_one_cm":2892,"minecraft:interact_with_anvil":5,"minecraft:mob_kills":84,"minecraft:damage_dealt_resisted":1032,"minecraft:climb_one_cm":68486,"minecraft:walk_one_cm":1412773,"minecraft:sneak_time":2158,"minecraft:walk_under_water_one_cm":36450,"minecraft:boat_one_cm":24941,"minecraft:total_world_time":606547,"minecraft:interact_with_grindstone":3,"minecraft:time_since_rest":5102,"minecraft:damage_taken":11844,"minecraft:swim_one_cm":129188,"minecraft:fly_one_cm":1447355,"minecraft:open_chest":433,"minecraft:fall_one_cm":168842},"minecraft:killed":{"illagerinvasion:archivist":1,"minecraft:cave_spider":2,"born_in_chaos_v1:restless_spirit":1,"born_in_chaos_v1:door_knight_not_despawn":1,"minecraft:spider":6,"minecraft:skeleton":1,"irons_spellbooks:summoned_skeleton":1,"minecraft:pig":2,"minecraft:zombie_villager":1,"minecraft:salmon":3,"minecraft:creeper":1,"rats:rat":2,"minecraft:sheep":5,"minecraft:pillager":1,"enemyexpansion:meature":1,"minecraft:zombie":9,"minecraft:donkey":1,"born_in_chaos_v1:corpse_fly":2,"alexsmobs:fly":2,"minecraft:cow":5,"irons_spellbooks:summoned_zombie":2,"alexsmobs:raccoon":1,"minecraft:vindicator":1,"illagerinvasion:marauder":1,"enemyexpansion:direwolf":1,"born_in_chaos_v1:maggot":12,"minecraft:horse":2,"born_in_chaos_v1:corpse_fish":1,"minecraft:drowned":3,"born_in_chaos_v1:barrel_zombie":1,"born_in_chaos_v1:decrepit_skeleton":3,"born_in_chaos_v1:bloody_gadfly":1,"alexsmobs:crow":4},"minecraft:picked_up":{"irons_spellbooks:scroll":5,"minecraft:iron_chestplate":19,"minecraft:wheat":10,"illagerinvasion:platinum_chunk":8,"minecraft:chainmail_boots":2,"minecraft:prismarine_shard":6,"minecraft:smithing_table":2,"minecraft:turtle_egg":2,"minecraft:wither_rose":2,"minecraft:potion":13,"minecraft:brewing_stand":1,"iceandfire:manuscript":7,"minecraft:string":28,"minecraft:raw_copper":67,"minecraft:iron_leggings":3,"minecraft:experience_bottle":8,"minecraft:pufferfish":2,"illagerinvasion:platinum_infused_hatchet":2,"irons_spellbooks:arcane_essence":128,"minecraft:deepslate_tiles":4,"minecraft:gold_nugget":133,"minecraft:cobbled_deepslate":26,"minecraft:spruce_planks":8,"minecraft:rose_bush":2,"minecraft:iron_pickaxe":18,"irons_spellbooks:inscription_table":1,"minecraft:iron_boots":18,"minecraft:furnace":1,"minecraft:stick":70,"iceandfire:ghost_chest":1,"born_in_chaos_v1:shattered_skull":3,"minecraft:torch":64,"born_in_chaos_v1:pileof_dark_metal":6,"minecraft:pointed_dripstone":20,"minecraft:diorite":2,"born_in_chaos_v1:nightmare_claw":3,"enemyexpansion:meathead_helmet":10,"minecraft:stone_sword":1,"minecraft:rotten_flesh":113,"minecraft:white_terracotta":1,"minecraft:deepslate_brick_stairs":1,"minecraft:obsidian":3,"irons_spellbooks:copper_spell_book":8,"minecraft:cobblestone":78,"minecraft:magma_block":1,"minecraft:leather_chestplate":4,"minecraft:feather":3,"minecraft:cooked_beef":7,"minecraft:water_bucket":1,"minecraft:andesite":3,"minecraft:potato":47,"minecraft:wither_skeleton_skull":3,"rats:raw_rat":1,"minecraft:lapis_lazuli":4,"minecraft:dirt":135,"minecraft:name_tag":1,"minecraft:leather_boots":5,"minecraft:bone":77,"minecraft:bow":11,"minecraft:wheat_seeds":20,"minecraft:powered_rail":2,"minecraft:stone_hoe":1,"minecraft:oak_planks":48,"toughasnails:purified_water_canteen":13,"spartanshields:iron_tower_shield":11,"minecraft:cooked_porkchop":5,"minecraft:poisonous_potato":4,"minecraft:sand":20,"minecraft:dark_oak_log":8,"alexsmobs:animal_dictionary":1,"immersive_armors:warrior_helmet":1,"toughasnails:water_purifier":5,"toughasnails:water_canteen":6,"minecraft:yellow_carpet":2,"minecraft:diamond":2,"minecraft:crossbow":2,"minecraft:granite":2,"minecraft:bone_meal":1,"minecraft:golden_apple":1,"minecraft:emerald":81,"minecraft:spruce_sign":13,"minecraft:chainmail_helmet":2,"minecraft:bread":804,"alexsmobs:maggot":4,"minecraft:rooted_dirt":1,"minecraft:oak_sapling":5,"born_in_chaos_v1:rotten_fish":2,"minecraft:bricks":2,"iceandfire:raw_silver":7,"minecraft:charcoal":35,"minecraft:crafting_table":1,"minecraft:ladder":4,"born_in_chaos_v1:seedof_chaos":6,"minecraft:leather_leggings":2,"minecraft:wooden_pickaxe":1,"minecraft:chain":3,"born_in_chaos_v1:fired_black_argillite":8,"minecraft:fire_coral":2,"minecraft:oak_trapdoor":2,"minecraft:iron_axe":21,"minecraft:iron_shovel":5,"minecraft:cracked_stone_bricks":5,"minecraft:beef":10,"minecraft:oak_boat":1,"born_in_chaos_v1:gnawed_bones":3,"minecraft:light_gray_wool":1,"minecraft:spruce_slab":8,"minecraft:sugar_cane":13,"minecraft:chest":7,"minecraft:egg":9,"minecraft:raw_iron":48,"minecraft:oak_door":3,"minecraft:copper_ingot":9,"born_in_chaos_v1:pieceofdarkmetal":18,"minecraft:carrot":36,"spartanshields:stone_basic_shield":11,"minecraft:arrow":368,"minecraft:diamond_chestplate":3,"minecraft:decorated_pot":1,"minecraft:deepslate_bricks":1,"iceandfire:chared_dirt":2,"minecraft:hay_block":38,"born_in_chaos_v1:spiny_shell":2,"minecraft:gold_ingot":16,"minecraft:mutton":7,"minecraft:rail":13,"minecraft:white_wool":4,"iceandfire:silver_axe":3,"minecraft:stripped_oak_log":6,"born_in_chaos_v1:corpse_maggot":22,"born_in_chaos_v1:black_argillite_column_slab":4,"minecraft:salmon":3,"minecraft:leather":19,"minecraft:birch_planks":6,"minecraft:oak_log":18,"minecraft:chainmail_chestplate":1,"toughasnails:purified_water_bottle":2,"iceandfire:ectoplasm":3,"minecraft:gunpowder":6,"minecraft:paper":6,"minecraft:white_banner":4,"minecraft:apple":1,"minecraft:iron_ingot":67,"minecraft:stone_pickaxe":3,"minecraft:cobweb":10,"minecraft:glass_bottle":5,"minecraft:iron_sword":36,"minecraft:book":38,"minecraft:oak_slab":1,"minecraft:emerald_block":16,"minecraft:pumpkin":2,"minecraft:sweet_berries":37,"iceandfire:ash":1,"born_in_chaos_v1:ethereal_spirit":2,"minecraft:dandelion":3,"minecraft:dripstone_block":9,"minecraft:gravel":6,"born_in_chaos_v1:dark_rod":6,"minecraft:spruce_sapling":47,"minecraft:white_bed":1,"minecraft:spruce_log":103,"minecraft:spider_eye":1,"alexsmobs:raw_catfish":3,"minecraft:oak_wood":20,"iceandfire:silver_pickaxe":1,"minecraft:campfire":1,"minecraft:stone_axe":2,"minecraft:chainmail_leggings":3,"minecraft:iron_helmet":1,"minecraft:diamond_axe":1,"born_in_chaos_v1:tombstone_dark_titan_066":4,"minecraft:baked_potato":22,"iceandfire:chared_gravel":1,"minecraft:coal":88},"minecraft:used":{"irons_spellbooks:inscription_table":2,"minecraft:iron_shovel":10,"minecraft:spruce_slab":5,"minecraft:chest":9,"minecraft:white_terracotta":1,"minecraft:iron_sword":421,"minecraft:carrot":1,"minecraft:bow":62,"minecraft:furnace":2,"minecraft:egg":3,"minecraft:stone_pickaxe":125,"minecraft:oak_planks":3,"minecraft:wooden_pickaxe":12,"minecraft:diamond_axe":7,"toughasnails:water_canteen":89,"minecraft:white_wool":1,"minecraft:glow_berries":6,"minecraft:deepslate_brick_stairs":1,"minecraft:deepslate_tiles":2,"minecraft:dark_oak_log":4,"minecraft:bread":112,"spartanshields:stone_basic_shield":2,"minecraft:oak_boat":2,"minecraft:bone_meal":14,"minecraft:stone_sword":2,"toughasnails:water_purifier":4,"minecraft:oak_door":1,"minecraft:torch":16,"minecraft:brewing_stand":1,"minecraft:dirt":73,"toughasnails:empty_canteen":17,"minecraft:iron_axe":202,"minecraft:cooked_beef":4,"minecraft:water_bucket":1,"minecraft:glass_bottle":14,"spartanshields:iron_tower_shield":2,"minecraft:cracked_stone_bricks":4,"iceandfire:chared_dirt":2,"minecraft:crafting_table":3,"minecraft:white_bed":2,"minecraft:iron_pickaxe":92,"minecraft:spruce_sapling":21,"minecraft:stone_axe":24,"iceandfire:chared_gravel":1,"minecraft:cobblestone":28,"illagerinvasion:platinum_infused_hatchet":1,"toughasnails:purified_water_bottle":10,"toughasnails:purified_water_canteen":84,"minecraft:bucket":1,"alexsmobs:animal_dictionary":5,"minecraft:stripped_oak_log":1},"minecraft:dropped":{"minecraft:iron_sword":7,"iceandfire:silver_axe":2,"minecraft:glass_bottle":3,"minecraft:diamond":1,"minecraft:decorated_pot":1,"minecraft:leather":6,"minecraft:dirt":9,"irons_spellbooks:arcane_essence":96,"minecraft:chain":3,"minecraft:gold_nugget":1,"minecraft:bone_meal":1,"minecraft:iron_pickaxe":2,"minecraft:white_wool":1,"minecraft:oak_door":2,"minecraft:stone_axe":1,"minecraft:sugar_cane":1,"minecraft:iron_nugget":1,"minecraft:rotten_flesh":23,"minecraft:oak_planks":1,"minecraft:deepslate_tiles":2,"minecraft:gunpowder":1,"born_in_chaos_v1:corpse_maggot":2,"minecraft:chainmail_boots":2,"iceandfire:silver_pickaxe":1,"minecraft:stone_hoe":1,"minecraft:water_bucket":1,"minecraft:iron_ingot":6,"minecraft:bread":26,"minecraft:oak_slab":1,"toughasnails:water_canteen":3,"spartanshields:iron_tower_shield":2,"minecraft:wheat_seeds":6,"minecraft:dripstone_block":8,"minecraft:poisonous_potato":2,"minecraft:feather":1,"minecraft:iron_helmet":1,"minecraft:cobblestone":23,"minecraft:granite":1,"minecraft:copper_ingot":7,"minecraft:chainmail_helmet":2,"minecraft:golden_apple":1,"minecraft:stick":9,"irons_spellbooks:scroll":2,"minecraft:diorite":2,"minecraft:torch":30,"minecraft:rose_bush":1,"minecraft:iron_leggings":2,"minecraft:iron_axe":2,"minecraft:chainmail_leggings":2,"minecraft:paper":1,"minecraft:dandelion":1,"minecraft:sweet_berries":19,"alexsmobs:maggot":4,"irons_spellbooks:copper_spell_book":2,"born_in_chaos_v1:rotten_fish":1,"minecraft:light_gray_wool":1,"minecraft:iron_boots":1,"minecraft:stripped_oak_log":1,"minecraft:deepslate_bricks":1,"minecraft:hay_block":2,"minecraft:diamond_chestplate":3,"minecraft:iron_chestplate":1,"minecraft:andesite":3,"toughasnails:purified_water_bottle":2,"minecraft:oak_sapling":1,"minecraft:magma_block":1},"minecraft:broken":{"toughasnails:water_canteen":3,"toughasnails:purified_water_canteen":11},"minecraft:killed_by":{"minecraft:creeper":1,"minecraft:pillager":3,"born_in_chaos_v1:zombie_fisherman":1,"minecraft:vindicator":4,"minecraft:cave_spider":1,"minecraft:zombie":2,"iceandfire:fire_dragon":1,"minecraft:vex":1,"irons_spellbooks:summoned_skeleton":1,"minecraft:iron_golem":1,"enemyexpansion:equestrian":3,"irons_spellbooks:necromancer":1,"minecraft:skeleton":1,"enemyexpansion:botfly":2,"illagerinvasion:marauder":2},"minecraft:mined":{"minecraft:spruce_planks":2,"minecraft:white_bed":1,"minecraft:brewing_stand":1,"minecraft:granite":1,"minecraft:grass_block":51,"minecraft:yellow_carpet":1,"minecraft:deepslate_bricks":1,"minecraft:magma_block":6,"minecraft:iron_ore":35,"minecraft:fire":24,"minecraft:pumpkin":2,"minecraft:pointed_dripstone":7,"iceandfire:gold_pile":9,"minecraft:oak_stairs":1,"minecraft:deepslate_brick_stairs":1,"minecraft:spruce_slab":5,"iceandfire:ghost_chest":2,"minecraft:chest":8,"born_in_chaos_v1:black_argillite_column_slab":1,"minecraft:cobblestone":4,"minecraft:sugar_cane":10,"minecraft:oak_planks":10,"minecraft:bricks":1,"minecraft:wall_torch":1,"minecraft:white_terracotta":1,"born_in_chaos_v1:tombstone_dark_titan_066":1,"minecraft:wheat":1,"born_in_chaos_v1:fired_black_argillite":2,"minecraft:wither_rose":1,"minecraft:grass":18,"minecraft:oak_log":18,"minecraft:sand":19,"minecraft:dirt":37,"minecraft:oak_leaves":20,"minecraft:deepslate_tiles":4,"iceandfire:silver_ore":2,"minecraft:dark_oak_leaves":1,"minecraft:ladder":2,"minecraft:decorated_pot":1,"iceandfire:chared_dirt":3,"minecraft:spruce_leaves":113,"minecraft:rooted_dirt":1,"minecraft:hay_block":29,"minecraft:spruce_sapling":3,"minecraft:furnace":1,"iceandfire:chared_gravel":3,"minecraft:andesite":2,"minecraft:bookshelf":10,"minecraft:vine":1,"minecraft:rail":3,"minecraft:stripped_oak_log":6,"irons_spellbooks:inscription_table":1,"minecraft:stone":43,"minecraft:smithing_table":1,"minecraft:oak_slab":1,"toughasnails:water_purifier":3,"minecraft:dandelion":1,"minecraft:crafting_table":1,"minecraft:oak_wood":10,"minecraft:tall_grass":8,"minecraft:copper_ore":19,"minecraft:diorite":2,"minecraft:sweet_berry_bush":3,"minecraft:spruce_log":103,"minecraft:birch_leaves":7,"iceandfire:ash":1,"minecraft:white_wall_banner":2,"minecraft:coal_ore":73,"minecraft:gravel":2,"minecraft:dripstone_block":5,"minecraft:cobweb":22,"minecraft:fern":1},"minecraft:crafted":{"minecraft:oak_planks":76,"spartanshields:wooden_tower_shield":2,"minecraft:glass":17,"minecraft:bow":3,"minecraft:iron_boots":2,"minecraft:chest":4,"minecraft:oak_fence":3,"minecraft:glass_bottle":12,"minecraft:oak_slab":6,"minecraft:emerald":9,"minecraft:arrow":256,"irons_spellbooks:copper_spell_book":2,"minecraft:crafting_table":3,"minecraft:spruce_planks":16,"spartanshields:iron_tower_shield":2,"minecraft:wooden_pickaxe":1,"minecraft:copper_ingot":8,"minecraft:iron_chestplate":3,"minecraft:paper":12,"minecraft:charcoal":8,"toughasnails:water_purifier":1,"minecraft:stick":28,"minecraft:iron_ingot":39,"minecraft:iron_pickaxe":3,"minecraft:stone_sword":1,"spartanshields:wooden_basic_shield":1,"toughasnails:empty_canteen":3,"minecraft:furnace":1,"minecraft:bone_meal":84,"minecraft:iron_axe":2,"minecraft:stone_pickaxe":1,"minecraft:cooked_beef":4,"minecraft:wheat":459,"spartanshields:stone_basic_shield":1,"minecraft:bucket":1,"minecraft:stone_axe":1,"minecraft:bread":160,"minecraft:oak_boat":1,"minecraft:iron_leggings":1,"minecraft:white_bed":1,"irons_spellbooks:inscription_table":1,"minecraft:torch":16}},"DataVersion":3465}