{"stats":{"minecraft:picked_up":{"minecraft:iron_chestplate":3,"minecraft:charcoal":8,"illagerinvasion:platinum_chunk":3,"minecraft:prismarine_shard":6,"minecraft:leather_leggings":2,"minecraft:wooden_pickaxe":1,"minecraft:potion":10,"minecraft:string":3,"minecraft:raw_copper":66,"minecraft:iron_axe":4,"minecraft:iron_leggings":1,"minecraft:gold_nugget":6,"minecraft:iron_pickaxe":2,"minecraft:spruce_slab":6,"irons_spellbooks:inscription_table":1,"minecraft:iron_boots":4,"minecraft:furnace":1,"minecraft:stick":6,"minecraft:raw_iron":29,"minecraft:torch":30,"minecraft:pointed_dripstone":5,"minecraft:diorite":2,"minecraft:carrot":35,"spartanshields:stone_basic_shield":5,"enemyexpansion:meathead_helmet":5,"minecraft:arrow":6,"minecraft:stone_sword":1,"minecraft:rotten_flesh":10,"minecraft:deepslate_bricks":1,"minecraft:hay_block":36,"minecraft:gold_ingot":6,"minecraft:white_terracotta":1,"minecraft:cobblestone":49,"born_in_chaos_v1:corpse_maggot":10,"minecraft:leather_chestplate":2,"minecraft:magma_block":1,"minecraft:salmon":3,"minecraft:andesite":2,"minecraft:leather":7,"minecraft:potato":29,"minecraft:oak_log":13,"toughasnails:purified_water_bottle":1,"minecraft:gunpowder":1,"rats:raw_rat":1,"minecraft:lapis_lazuli":2,"minecraft:dirt":45,"minecraft:bone":6,"minecraft:apple":1,"minecraft:iron_ingot":4,"minecraft:stone_pickaxe":3,"minecraft:glass_bottle":5,"minecraft:oak_planks":9,"minecraft:iron_sword":12,"minecraft:book":27,"toughasnails:purified_water_canteen":3,"minecraft:emerald_block":4,"minecraft:poisonous_potato":4,"minecraft:dripstone_block":8,"minecraft:sand":20,"alexsmobs:animal_dictionary":1,"alexsmobs:raw_catfish":3,"minecraft:oak_wood":20,"toughasnails:water_canteen":2,"minecraft:stone_axe":2,"minecraft:crossbow":2,"minecraft:granite":1,"minecraft:bone_meal":1,"minecraft:spruce_sign":13,"minecraft:emerald":30,"minecraft:bread":226,"minecraft:oak_sapling":4,"born_in_chaos_v1:rotten_fish":2,"minecraft:coal":57,"iceandfire:raw_silver":7},"minecraft:killed":{"irons_spellbooks:summoned_zombie":2,"born_in_chaos_v1:maggot":5,"born_in_chaos_v1:corpse_fish":1,"minecraft:drowned":1,"irons_spellbooks:summoned_skeleton":1,"born_in_chaos_v1:barrel_zombie":1,"minecraft:salmon":3,"rats:rat":1,"born_in_chaos_v1:decrepit_skeleton":1,"minecraft:pillager":1,"enemyexpansion:meature":1,"minecraft:zombie":4,"minecraft:donkey":1},"minecraft:used":{"irons_spellbooks:inscription_table":2,"minecraft:stone_sword":2,"toughasnails:water_purifier":1,"minecraft:spruce_slab":4,"minecraft:chest":2,"minecraft:white_terracotta":1,"minecraft:iron_sword":101,"minecraft:torch":16,"minecraft:dirt":27,"toughasnails:empty_canteen":3,"minecraft:iron_axe":43,"minecraft:furnace":1,"minecraft:glass_bottle":14,"minecraft:stone_pickaxe":125,"minecraft:wooden_pickaxe":12,"toughasnails:water_canteen":44,"minecraft:crafting_table":1,"spartanshields:stone_basic_shield":1,"minecraft:bread":34,"minecraft:iron_pickaxe":2,"minecraft:stone_axe":24,"minecraft:cobblestone":14,"toughasnails:purified_water_bottle":10,"toughasnails:purified_water_canteen":14,"alexsmobs:animal_dictionary":5},"minecraft:crafted":{"minecraft:oak_planks":60,"minecraft:glass":17,"minecraft:iron_boots":1,"minecraft:iron_axe":1,"minecraft:stone_pickaxe":1,"minecraft:chest":2,"minecraft:oak_fence":3,"minecraft:wheat":297,"minecraft:glass_bottle":12,"minecraft:oak_slab":6,"minecraft:crafting_table":1,"minecraft:wooden_pickaxe":1,"spartanshields:stone_basic_shield":1,"minecraft:copper_ingot":6,"minecraft:stone_axe":1,"minecraft:bread":104,"minecraft:iron_chestplate":2,"minecraft:charcoal":8,"toughasnails:water_purifier":1,"minecraft:stick":16,"minecraft:iron_ingot":29,"minecraft:iron_pickaxe":1,"minecraft:stone_sword":1,"minecraft:iron_leggings":1,"spartanshields:wooden_basic_shield":1,"irons_spellbooks:inscription_table":1,"minecraft:torch":16,"toughasnails:empty_canteen":1},"minecraft:broken":{"toughasnails:purified_water_canteen":2},"minecraft:mined":{"minecraft:deepslate_tiles":1,"iceandfire:silver_ore":2,"minecraft:granite":1,"minecraft:grass_block":11,"minecraft:deepslate_bricks":1,"minecraft:hay_block":29,"minecraft:magma_block":6,"minecraft:furnace":1,"minecraft:iron_ore":20,"minecraft:fire":6,"minecraft:andesite":2,"minecraft:bookshelf":9,"irons_spellbooks:inscription_table":1,"minecraft:stone":23,"minecraft:spruce_slab":4,"minecraft:oak_wood":10,"minecraft:cobblestone":2,"minecraft:tall_grass":1,"minecraft:copper_ore":19,"minecraft:diorite":2,"minecraft:white_terracotta":1,"minecraft:grass":2,"minecraft:oak_log":13,"minecraft:coal_ore":51,"minecraft:dripstone_block":5,"minecraft:sand":19,"minecraft:dirt":23,"minecraft:cobweb":1,"minecraft:oak_leaves":6},"minecraft:custom":{"minecraft:mob_kills":24,"minecraft:interact_with_anvil":1,"minecraft:interact_with_crafting_table":33,"minecraft:open_barrel":5,"minecraft:leave_game":1,"minecraft:time_since_death":15039,"minecraft:climb_one_cm":25730,"minecraft:sprint_one_cm":467782,"minecraft:walk_one_cm":440463,"minecraft:damage_blocked_by_shield":60,"minecraft:drop":38,"minecraft:talked_to_villager":11,"minecraft:play_time":170328,"minecraft:deaths":6,"minecraft:sneak_time":378,"minecraft:walk_under_water_one_cm":16246,"minecraft:jump":1950,"minecraft:walk_on_water_one_cm":30352,"minecraft:total_world_time":170328,"minecraft:interact_with_furnace":35,"minecraft:traded_with_villager":1,"minecraft:sleep_in_bed":17,"minecraft:time_since_rest":76,"minecraft:damage_taken":2574,"minecraft:damage_dealt":3406,"minecraft:swim_one_cm":11553,"minecraft:fly_one_cm":256855,"minecraft:open_chest":116,"minecraft:crouch_one_cm":110,"minecraft:fall_one_cm":36141},"minecraft:killed_by":{"irons_spellbooks:summoned_skeleton":1,"minecraft:iron_golem":1,"enemyexpansion:equestrian":1,"irons_spellbooks:necromancer":1,"minecraft:vex":1},"minecraft:dropped":{"minecraft:iron_ingot":4,"minecraft:bread":26,"minecraft:iron_sword":1,"minecraft:glass_bottle":3,"minecraft:dripstone_block":8,"minecraft:poisonous_potato":2,"minecraft:cobblestone":21,"minecraft:leather":6,"minecraft:granite":1,"minecraft:dirt":5,"minecraft:diorite":2,"minecraft:torch":30,"minecraft:iron_leggings":1,"minecraft:gold_nugget":1,"minecraft:bone_meal":1,"minecraft:paper":1,"minecraft:stone_axe":1,"minecraft:iron_nugget":1,"born_in_chaos_v1:rotten_fish":1,"minecraft:rotten_flesh":4,"minecraft:oak_planks":1,"minecraft:iron_boots":1,"minecraft:deepslate_bricks":1,"minecraft:gunpowder":1,"minecraft:iron_chestplate":1,"minecraft:andesite":2,"toughasnails:purified_water_bottle":1,"minecraft:magma_block":1}},"DataVersion":3465}