{"stats":{"minecraft:killed":{"irons_spellbooks:summoned_zombie":2,"born_in_chaos_v1:door_knight_not_despawn":1,"minecraft:spider":1,"enemyexpansion:direwolf":1,"born_in_chaos_v1:maggot":11,"minecraft:drowned":2,"born_in_chaos_v1:corpse_fish":1,"irons_spellbooks:summoned_skeleton":1,"born_in_chaos_v1:barrel_zombie":1,"minecraft:pig":2,"minecraft:salmon":3,"rats:rat":1,"born_in_chaos_v1:decrepit_skeleton":1,"minecraft:pillager":1,"enemyexpansion:meature":1,"minecraft:zombie":5,"minecraft:donkey":1,"born_in_chaos_v1:corpse_fly":1,"alexsmobs:fly":1,"alexsmobs:crow":3,"minecraft:cow":3},"minecraft:used":{"irons_spellbooks:inscription_table":2,"minecraft:stone_sword":2,"toughasnails:water_purifier":1,"minecraft:spruce_slab":4,"minecraft:chest":3,"minecraft:white_terracotta":1,"minecraft:iron_sword":130,"minecraft:oak_door":1,"minecraft:torch":16,"minecraft:dirt":36,"toughasnails:empty_canteen":5,"minecraft:iron_axe":59,"minecraft:bow":21,"minecraft:furnace":1,"minecraft:glass_bottle":14,"minecraft:stone_pickaxe":125,"minecraft:oak_planks":3,"minecraft:wooden_pickaxe":12,"toughasnails:water_canteen":47,"minecraft:crafting_table":2,"spartanshields:stone_basic_shield":2,"minecraft:bread":54,"minecraft:iron_pickaxe":4,"minecraft:stone_axe":24,"minecraft:cobblestone":14,"toughasnails:purified_water_bottle":10,"toughasnails:purified_water_canteen":38,"minecraft:oak_boat":2,"alexsmobs:animal_dictionary":5},"minecraft:custom":{"minecraft:interact_with_anvil":2,"minecraft:mob_kills":45,"minecraft:interact_with_crafting_table":41,"minecraft:open_barrel":5,"minecraft:bell_ring":3,"minecraft:damage_dealt_resisted":1032,"minecraft:leave_game":5,"minecraft:time_since_death":50839,"minecraft:climb_one_cm":32945,"minecraft:sprint_one_cm":794990,"minecraft:damage_blocked_by_shield":105,"minecraft:walk_one_cm":642857,"minecraft:drop":50,"minecraft:talked_to_villager":16,"minecraft:play_time":265516,"minecraft:sneak_time":516,"minecraft:deaths":8,"minecraft:walk_under_water_one_cm":27488,"minecraft:boat_one_cm":24941,"minecraft:jump":3635,"minecraft:walk_on_water_one_cm":48730,"minecraft:total_world_time":265516,"minecraft:interact_with_furnace":39,"minecraft:traded_with_villager":10,"minecraft:interact_with_grindstone":1,"minecraft:sleep_in_bed":22,"minecraft:time_since_rest":8068,"minecraft:damage_taken":3732,"minecraft:damage_dealt":4430,"minecraft:player_kills":1,"minecraft:swim_one_cm":36007,"minecraft:fly_one_cm":548382,"minecraft:open_chest":177,"minecraft:crouch_one_cm":110,"minecraft:fall_one_cm":73326},"minecraft:dropped":{"minecraft:iron_ingot":6,"minecraft:bread":26,"minecraft:iron_sword":2,"minecraft:oak_slab":1,"minecraft:wheat_seeds":1,"minecraft:glass_bottle":3,"minecraft:dripstone_block":8,"minecraft:poisonous_potato":2,"minecraft:cobblestone":23,"minecraft:leather":6,"minecraft:granite":1,"minecraft:stick":4,"minecraft:dirt":6,"minecraft:diorite":2,"minecraft:torch":30,"minecraft:iron_leggings":1,"minecraft:gold_nugget":1,"minecraft:bone_meal":1,"minecraft:chainmail_leggings":1,"minecraft:paper":1,"minecraft:oak_door":2,"minecraft:stone_axe":1,"minecraft:iron_nugget":1,"born_in_chaos_v1:rotten_fish":1,"minecraft:rotten_flesh":4,"minecraft:oak_planks":1,"minecraft:iron_boots":1,"minecraft:deepslate_bricks":1,"minecraft:gunpowder":1,"minecraft:iron_chestplate":1,"minecraft:andesite":2,"toughasnails:purified_water_bottle":1,"minecraft:oak_sapling":1,"minecraft:magma_block":1},"minecraft:picked_up":{"irons_spellbooks:scroll":1,"minecraft:charcoal":26,"minecraft:iron_chestplate":5,"minecraft:crafting_table":1,"illagerinvasion:platinum_chunk":3,"minecraft:prismarine_shard":6,"minecraft:leather_leggings":2,"minecraft:wooden_pickaxe":1,"minecraft:potion":10,"minecraft:chain":1,"iceandfire:manuscript":1,"minecraft:string":4,"minecraft:raw_copper":66,"minecraft:iron_axe":6,"minecraft:iron_leggings":1,"minecraft:deepslate_tiles":1,"minecraft:gold_nugget":17,"minecraft:beef":2,"minecraft:oak_boat":1,"minecraft:iron_pickaxe":4,"minecraft:spruce_slab":6,"minecraft:sugar_cane":9,"irons_spellbooks:inscription_table":1,"minecraft:iron_boots":5,"minecraft:furnace":1,"minecraft:stick":11,"minecraft:raw_iron":29,"iceandfire:ghost_chest":1,"minecraft:oak_door":3,"minecraft:copper_ingot":1,"minecraft:torch":30,"minecraft:pointed_dripstone":5,"minecraft:diorite":2,"minecraft:carrot":36,"spartanshields:stone_basic_shield":7,"enemyexpansion:meathead_helmet":7,"minecraft:stone_sword":1,"minecraft:arrow":76,"minecraft:rotten_flesh":24,"minecraft:deepslate_bricks":1,"minecraft:hay_block":36,"minecraft:gold_ingot":6,"minecraft:white_terracotta":1,"irons_spellbooks:copper_spell_book":2,"minecraft:cobblestone":51,"minecraft:stripped_oak_log":1,"born_in_chaos_v1:corpse_maggot":16,"minecraft:magma_block":1,"minecraft:leather_chestplate":2,"minecraft:feather":1,"minecraft:cooked_beef":1,"minecraft:andesite":2,"minecraft:salmon":3,"minecraft:leather":10,"minecraft:potato":29,"minecraft:oak_log":13,"toughasnails:purified_water_bottle":1,"iceandfire:ectoplasm":3,"minecraft:gunpowder":1,"rats:raw_rat":1,"minecraft:lapis_lazuli":2,"minecraft:dirt":56,"minecraft:bone":22,"minecraft:apple":1,"minecraft:bow":1,"minecraft:wheat_seeds":1,"minecraft:iron_ingot":11,"minecraft:stone_pickaxe":3,"minecraft:glass_bottle":5,"minecraft:iron_sword":15,"minecraft:oak_planks":23,"minecraft:book":27,"minecraft:oak_slab":1,"toughasnails:purified_water_canteen":5,"minecraft:emerald_block":4,"minecraft:cooked_porkchop":5,"minecraft:poisonous_potato":4,"minecraft:dripstone_block":8,"minecraft:sand":20,"minecraft:spruce_sapling":2,"alexsmobs:animal_dictionary":1,"alexsmobs:raw_catfish":3,"minecraft:oak_wood":20,"toughasnails:water_purifier":3,"toughasnails:water_canteen":2,"minecraft:stone_axe":2,"minecraft:chainmail_leggings":1,"minecraft:crossbow":2,"minecraft:granite":1,"minecraft:bone_meal":1,"minecraft:spruce_sign":13,"minecraft:bread":346,"minecraft:emerald":32,"minecraft:oak_sapling":5,"born_in_chaos_v1:rotten_fish":2,"minecraft:coal":57,"iceandfire:raw_silver":7},"minecraft:broken":{"toughasnails:purified_water_canteen":4},"minecraft:crafted":{"minecraft:oak_planks":60,"minecraft:glass":17,"minecraft:bow":1,"minecraft:iron_boots":1,"minecraft:iron_axe":1,"minecraft:stone_pickaxe":1,"minecraft:chest":3,"minecraft:oak_fence":3,"minecraft:wheat":459,"minecraft:glass_bottle":12,"minecraft:oak_slab":6,"minecraft:arrow":128,"irons_spellbooks:copper_spell_book":1,"minecraft:crafting_table":1,"minecraft:wooden_pickaxe":1,"spartanshields:stone_basic_shield":1,"minecraft:copper_ingot":8,"minecraft:stone_axe":1,"minecraft:bread":104,"minecraft:oak_boat":1,"minecraft:iron_chestplate":2,"minecraft:paper":9,"minecraft:charcoal":8,"toughasnails:water_purifier":1,"minecraft:stick":16,"minecraft:iron_ingot":29,"minecraft:iron_pickaxe":1,"minecraft:stone_sword":1,"minecraft:iron_leggings":1,"spartanshields:wooden_basic_shield":1,"irons_spellbooks:inscription_table":1,"minecraft:torch":16,"toughasnails:empty_canteen":1},"minecraft:killed_by":{"irons_spellbooks:summoned_skeleton":1,"minecraft:iron_golem":1,"enemyexpansion:equestrian":1,"born_in_chaos_v1:zombie_fisherman":1,"irons_spellbooks:necromancer":1,"minecraft:vex":1},"minecraft:mined":{"minecraft:deepslate_tiles":2,"minecraft:spruce_planks":2,"iceandfire:silver_ore":2,"minecraft:granite":1,"minecraft:grass_block":19,"minecraft:deepslate_bricks":1,"minecraft:spruce_leaves":62,"minecraft:hay_block":29,"minecraft:magma_block":6,"minecraft:furnace":1,"minecraft:iron_ore":20,"minecraft:fire":6,"minecraft:andesite":2,"minecraft:bookshelf":9,"minecraft:stripped_oak_log":1,"irons_spellbooks:inscription_table":1,"minecraft:stone":23,"minecraft:spruce_slab":4,"minecraft:oak_slab":1,"toughasnails:water_purifier":1,"minecraft:crafting_table":1,"minecraft:oak_wood":10,"iceandfire:ghost_chest":1,"minecraft:copper_ore":19,"minecraft:tall_grass":3,"minecraft:cobblestone":2,"minecraft:oak_planks":3,"minecraft:sugar_cane":8,"minecraft:diorite":2,"minecraft:white_terracotta":1,"minecraft:grass":5,"minecraft:coal_ore":51,"minecraft:oak_log":13,"minecraft:sand":19,"minecraft:dripstone_block":5,"minecraft:dirt":25,"minecraft:cobweb":1,"minecraft:oak_leaves":10}},"DataVersion":3465}