{"stats":{"minecraft:picked_up":{"irons_spellbooks:scroll":5,"minecraft:iron_chestplate":10,"illagerinvasion:platinum_chunk":4,"minecraft:chainmail_boots":2,"minecraft:prismarine_shard":6,"minecraft:smithing_table":2,"minecraft:potion":10,"minecraft:wither_rose":2,"minecraft:brewing_stand":1,"iceandfire:manuscript":1,"minecraft:raw_copper":66,"minecraft:string":25,"minecraft:iron_leggings":2,"illagerinvasion:platinum_infused_hatchet":2,"irons_spellbooks:arcane_essence":128,"minecraft:deepslate_tiles":4,"minecraft:gold_nugget":17,"minecraft:cobbled_deepslate":26,"minecraft:spruce_planks":8,"minecraft:iron_pickaxe":11,"irons_spellbooks:inscription_table":1,"minecraft:iron_boots":9,"minecraft:furnace":1,"minecraft:stick":18,"iceandfire:ghost_chest":1,"minecraft:torch":64,"minecraft:pointed_dripstone":20,"minecraft:diorite":2,"enemyexpansion:meathead_helmet":10,"minecraft:stone_sword":1,"minecraft:rotten_flesh":28,"minecraft:white_terracotta":1,"minecraft:deepslate_brick_stairs":1,"irons_spellbooks:copper_spell_book":8,"minecraft:cobblestone":67,"minecraft:leather_chestplate":4,"minecraft:magma_block":1,"minecraft:cooked_beef":4,"minecraft:feather":1,"minecraft:water_bucket":1,"minecraft:andesite":3,"minecraft:potato":29,"rats:raw_rat":1,"minecraft:lapis_lazuli":4,"minecraft:dirt":75,"minecraft:name_tag":1,"minecraft:leather_boots":5,"minecraft:bone":29,"minecraft:bow":6,"minecraft:wheat_seeds":1,"minecraft:powered_rail":2,"minecraft:oak_planks":48,"minecraft:stone_hoe":1,"toughasnails:purified_water_canteen":8,"spartanshields:iron_tower_shield":3,"minecraft:cooked_porkchop":5,"minecraft:poisonous_potato":4,"minecraft:sand":20,"alexsmobs:animal_dictionary":1,"immersive_armors:warrior_helmet":1,"toughasnails:water_canteen":6,"toughasnails:water_purifier":4,"minecraft:yellow_carpet":2,"minecraft:diamond":1,"minecraft:crossbow":2,"minecraft:granite":2,"minecraft:bone_meal":1,"minecraft:golden_apple":1,"minecraft:bread":538,"minecraft:spruce_sign":13,"minecraft:emerald":63,"minecraft:chainmail_helmet":2,"born_in_chaos_v1:rotten_fish":2,"minecraft:oak_sapling":5,"minecraft:bricks":2,"iceandfire:raw_silver":7,"minecraft:crafting_table":1,"minecraft:charcoal":31,"minecraft:ladder":2,"minecraft:leather_leggings":2,"minecraft:wooden_pickaxe":1,"minecraft:chain":2,"minecraft:oak_trapdoor":2,"minecraft:iron_axe":13,"minecraft:cracked_stone_bricks":5,"minecraft:beef":2,"minecraft:oak_boat":1,"minecraft:spruce_slab":6,"minecraft:light_gray_wool":1,"minecraft:sugar_cane":13,"minecraft:raw_iron":48,"minecraft:oak_door":3,"minecraft:copper_ingot":9,"minecraft:carrot":36,"spartanshields:stone_basic_shield":11,"minecraft:arrow":130,"minecraft:diamond_chestplate":3,"minecraft:decorated_pot":1,"minecraft:deepslate_bricks":1,"minecraft:hay_block":38,"minecraft:gold_ingot":11,"minecraft:mutton":7,"minecraft:white_wool":4,"minecraft:rail":13,"minecraft:stripped_oak_log":2,"iceandfire:silver_axe":3,"born_in_chaos_v1:corpse_maggot":21,"minecraft:salmon":3,"minecraft:leather":11,"minecraft:oak_log":18,"minecraft:chainmail_chestplate":1,"toughasnails:purified_water_bottle":2,"iceandfire:ectoplasm":3,"minecraft:gunpowder":6,"minecraft:paper":6,"minecraft:white_banner":2,"minecraft:apple":1,"minecraft:iron_ingot":57,"minecraft:stone_pickaxe":3,"minecraft:glass_bottle":5,"minecraft:iron_sword":26,"minecraft:book":38,"minecraft:oak_slab":1,"minecraft:emerald_block":8,"minecraft:sweet_berries":25,"minecraft:dripstone_block":9,"minecraft:gravel":6,"minecraft:spruce_sapling":12,"minecraft:spruce_log":4,"minecraft:spider_eye":1,"minecraft:oak_wood":20,"alexsmobs:raw_catfish":3,"iceandfire:silver_pickaxe":1,"minecraft:stone_axe":2,"minecraft:chainmail_leggings":3,"minecraft:iron_helmet":1,"minecraft:baked_potato":22,"minecraft:coal":57},"minecraft:killed":{"illagerinvasion:archivist":1,"minecraft:cave_spider":2,"born_in_chaos_v1:door_knight_not_despawn":1,"minecraft:spider":1,"irons_spellbooks:summoned_skeleton":1,"minecraft:pig":2,"minecraft:zombie_villager":1,"minecraft:salmon":3,"minecraft:creeper":1,"rats:rat":2,"minecraft:sheep":5,"minecraft:pillager":1,"enemyexpansion:meature":1,"minecraft:donkey":1,"minecraft:zombie":5,"born_in_chaos_v1:corpse_fly":2,"alexsmobs:fly":1,"minecraft:cow":3,"irons_spellbooks:summoned_zombie":2,"minecraft:vindicator":1,"illagerinvasion:marauder":1,"enemyexpansion:direwolf":1,"born_in_chaos_v1:maggot":11,"minecraft:horse":1,"born_in_chaos_v1:corpse_fish":1,"minecraft:drowned":3,"born_in_chaos_v1:barrel_zombie":1,"born_in_chaos_v1:decrepit_skeleton":1,"alexsmobs:crow":3},"minecraft:used":{"irons_spellbooks:inscription_table":2,"minecraft:spruce_slab":4,"minecraft:chest":4,"minecraft:white_terracotta":1,"minecraft:iron_sword":239,"minecraft:carrot":1,"minecraft:bow":32,"minecraft:furnace":1,"minecraft:stone_pickaxe":125,"minecraft:oak_planks":3,"minecraft:wooden_pickaxe":12,"toughasnails:water_canteen":71,"minecraft:white_wool":1,"minecraft:glow_berries":6,"minecraft:deepslate_brick_stairs":1,"minecraft:deepslate_tiles":2,"spartanshields:stone_basic_shield":2,"minecraft:bread":84,"minecraft:oak_boat":2,"minecraft:stone_sword":2,"toughasnails:water_purifier":3,"minecraft:oak_door":1,"minecraft:torch":16,"minecraft:brewing_stand":1,"minecraft:dirt":46,"toughasnails:empty_canteen":12,"minecraft:iron_axe":74,"minecraft:glass_bottle":14,"spartanshields:iron_tower_shield":2,"minecraft:cracked_stone_bricks":4,"minecraft:crafting_table":2,"minecraft:iron_pickaxe":56,"minecraft:stone_axe":24,"minecraft:cobblestone":28,"illagerinvasion:platinum_infused_hatchet":1,"toughasnails:purified_water_bottle":10,"toughasnails:purified_water_canteen":58,"alexsmobs:animal_dictionary":5,"minecraft:stripped_oak_log":1},"minecraft:crafted":{"minecraft:oak_planks":76,"spartanshields:wooden_tower_shield":2,"minecraft:glass":17,"minecraft:bow":3,"minecraft:iron_boots":2,"minecraft:chest":4,"minecraft:oak_fence":3,"minecraft:glass_bottle":12,"minecraft:oak_slab":6,"minecraft:arrow":256,"irons_spellbooks:copper_spell_book":2,"minecraft:crafting_table":2,"minecraft:spruce_planks":16,"spartanshields:iron_tower_shield":2,"minecraft:wooden_pickaxe":1,"minecraft:copper_ingot":8,"minecraft:iron_chestplate":3,"minecraft:paper":12,"minecraft:charcoal":8,"toughasnails:water_purifier":1,"minecraft:stick":28,"minecraft:iron_pickaxe":2,"minecraft:iron_ingot":39,"minecraft:stone_sword":1,"spartanshields:wooden_basic_shield":1,"toughasnails:empty_canteen":2,"minecraft:iron_axe":2,"minecraft:stone_pickaxe":1,"minecraft:wheat":459,"spartanshields:stone_basic_shield":1,"minecraft:stone_axe":1,"minecraft:bread":158,"minecraft:oak_boat":1,"minecraft:iron_leggings":1,"minecraft:white_bed":1,"irons_spellbooks:inscription_table":1,"minecraft:torch":16},"minecraft:broken":{"toughasnails:water_canteen":3,"toughasnails:purified_water_canteen":7},"minecraft:mined":{"minecraft:spruce_planks":2,"minecraft:brewing_stand":1,"minecraft:granite":1,"minecraft:grass_block":31,"minecraft:yellow_carpet":1,"minecraft:deepslate_bricks":1,"minecraft:magma_block":6,"minecraft:iron_ore":35,"minecraft:fire":11,"minecraft:pointed_dripstone":7,"minecraft:oak_stairs":1,"minecraft:deepslate_brick_stairs":1,"minecraft:spruce_slab":4,"iceandfire:ghost_chest":1,"minecraft:cobblestone":4,"minecraft:sugar_cane":10,"minecraft:oak_planks":10,"minecraft:bricks":1,"minecraft:wall_torch":1,"minecraft:white_terracotta":1,"minecraft:wither_rose":1,"minecraft:grass":7,"minecraft:oak_log":17,"minecraft:sand":19,"minecraft:dirt":28,"minecraft:oak_leaves":17,"minecraft:deepslate_tiles":4,"iceandfire:silver_ore":2,"minecraft:ladder":2,"minecraft:decorated_pot":1,"minecraft:spruce_leaves":67,"minecraft:hay_block":29,"minecraft:furnace":1,"minecraft:andesite":2,"minecraft:bookshelf":10,"minecraft:vine":1,"minecraft:rail":3,"minecraft:stripped_oak_log":2,"irons_spellbooks:inscription_table":1,"minecraft:stone":34,"minecraft:smithing_table":1,"minecraft:oak_slab":1,"toughasnails:water_purifier":2,"minecraft:crafting_table":1,"minecraft:oak_wood":10,"minecraft:tall_grass":3,"minecraft:copper_ore":19,"minecraft:diorite":2,"minecraft:sweet_berry_bush":3,"minecraft:spruce_log":4,"minecraft:white_wall_banner":1,"minecraft:coal_ore":51,"minecraft:gravel":2,"minecraft:dripstone_block":5,"minecraft:cobweb":22,"minecraft:fern":1},"minecraft:custom":{"minecraft:interact_with_crafting_table":57,"minecraft:open_barrel":7,"minecraft:bell_ring":3,"minecraft:leave_game":7,"minecraft:time_since_death":21845,"minecraft:sprint_one_cm":1357727,"minecraft:damage_blocked_by_shield":385,"minecraft:drop":108,"minecraft:talked_to_villager":23,"minecraft:play_time":440227,"minecraft:deaths":20,"minecraft:jump":6075,"minecraft:interact_with_brewingstand":1,"minecraft:walk_on_water_one_cm":64236,"minecraft:interact_with_furnace":42,"minecraft:traded_with_villager":20,"minecraft:sleep_in_bed":27,"minecraft:damage_dealt":6789,"minecraft:player_kills":3,"minecraft:crouch_one_cm":2835,"minecraft:mob_kills":61,"minecraft:interact_with_anvil":5,"minecraft:damage_dealt_resisted":1032,"minecraft:climb_one_cm":53398,"minecraft:walk_one_cm":1070137,"minecraft:sneak_time":1913,"minecraft:walk_under_water_one_cm":32346,"minecraft:boat_one_cm":24941,"minecraft:total_world_time":440227,"minecraft:interact_with_grindstone":3,"minecraft:time_since_rest":14974,"minecraft:damage_taken":7600,"minecraft:swim_one_cm":63538,"minecraft:fly_one_cm":953015,"minecraft:open_chest":317,"minecraft:fall_one_cm":110462},"minecraft:killed_by":{"born_in_chaos_v1:zombie_fisherman":1,"minecraft:vindicator":4,"minecraft:cave_spider":1,"minecraft:vex":1,"irons_spellbooks:summoned_skeleton":1,"minecraft:iron_golem":1,"enemyexpansion:equestrian":1,"irons_spellbooks:necromancer":1,"enemyexpansion:botfly":1,"illagerinvasion:marauder":2},"minecraft:dropped":{"minecraft:iron_sword":7,"iceandfire:silver_axe":2,"minecraft:glass_bottle":3,"minecraft:diamond":1,"minecraft:decorated_pot":1,"minecraft:leather":6,"minecraft:dirt":9,"irons_spellbooks:arcane_essence":96,"minecraft:chain":2,"minecraft:gold_nugget":1,"minecraft:bone_meal":1,"minecraft:iron_pickaxe":2,"minecraft:white_wool":1,"minecraft:oak_door":2,"minecraft:stone_axe":1,"minecraft:sugar_cane":1,"minecraft:iron_nugget":1,"minecraft:rotten_flesh":4,"minecraft:oak_planks":1,"minecraft:deepslate_tiles":2,"minecraft:gunpowder":1,"born_in_chaos_v1:corpse_maggot":2,"minecraft:chainmail_boots":2,"iceandfire:silver_pickaxe":1,"minecraft:water_bucket":1,"minecraft:stone_hoe":1,"minecraft:iron_ingot":6,"minecraft:bread":26,"minecraft:oak_slab":1,"toughasnails:water_canteen":3,"spartanshields:iron_tower_shield":2,"minecraft:wheat_seeds":1,"minecraft:dripstone_block":8,"minecraft:poisonous_potato":2,"minecraft:iron_helmet":1,"minecraft:cobblestone":23,"minecraft:granite":1,"minecraft:copper_ingot":7,"minecraft:chainmail_helmet":2,"minecraft:golden_apple":1,"minecraft:stick":9,"irons_spellbooks:scroll":2,"minecraft:diorite":2,"minecraft:torch":30,"minecraft:iron_leggings":2,"minecraft:iron_axe":2,"minecraft:chainmail_leggings":2,"minecraft:paper":1,"minecraft:sweet_berries":19,"irons_spellbooks:copper_spell_book":2,"born_in_chaos_v1:rotten_fish":1,"minecraft:light_gray_wool":1,"minecraft:iron_boots":1,"minecraft:stripped_oak_log":1,"minecraft:deepslate_bricks":1,"minecraft:hay_block":2,"minecraft:diamond_chestplate":3,"minecraft:iron_chestplate":1,"minecraft:andesite":3,"toughasnails:purified_water_bottle":2,"minecraft:oak_sapling":1,"minecraft:magma_block":1}},"DataVersion":3465}