{"stats":{"minecraft:picked_up":{"minecraft:magma_block":1,"illagerinvasion:platinum_chunk":2,"minecraft:leather":4,"minecraft:wooden_pickaxe":1,"minecraft:potion":1,"minecraft:oak_log":13,"toughasnails:purified_water_bottle":1,"minecraft:dirt":19,"minecraft:stone_pickaxe":1,"minecraft:oak_planks":9,"minecraft:book":3,"minecraft:dripstone_block":1,"minecraft:sand":12,"spartanshields:stone_basic_shield":1,"alexsmobs:animal_dictionary":1,"alexsmobs:raw_catfish":3,"minecraft:stone_sword":1,"minecraft:rotten_flesh":1,"minecraft:stone_axe":1,"minecraft:deepslate_bricks":1,"minecraft:hay_block":26,"minecraft:bread":12,"minecraft:spruce_sign":13,"minecraft:emerald":2,"minecraft:white_terracotta":1,"minecraft:oak_sapling":1,"minecraft:cobblestone":12},"minecraft:killed":{"minecraft:pillager":1,"minecraft:donkey":1,"minecraft:drowned":1},"minecraft:used":{"minecraft:stone_sword":2,"minecraft:glass_bottle":14,"minecraft:stone_pickaxe":10,"minecraft:chest":1,"minecraft:wooden_pickaxe":12,"minecraft:white_terracotta":1,"minecraft:iron_sword":17,"toughasnails:water_canteen":36,"minecraft:dirt":10,"toughasnails:empty_canteen":1,"spartanshields:stone_basic_shield":1,"minecraft:iron_axe":15,"minecraft:bread":12,"minecraft:stone_axe":24,"toughasnails:purified_water_bottle":8,"alexsmobs:animal_dictionary":2},"minecraft:crafted":{"minecraft:glass_bottle":12,"minecraft:oak_planks":20,"minecraft:wooden_pickaxe":1,"spartanshields:stone_basic_shield":1,"minecraft:copper_ingot":6,"minecraft:stone_axe":1,"minecraft:bread":15,"minecraft:glass":12,"minecraft:iron_axe":1,"minecraft:stick":8,"minecraft:stone_pickaxe":1,"minecraft:stone_sword":1,"minecraft:chest":1,"spartanshields:wooden_basic_shield":1,"toughasnails:empty_canteen":1,"minecraft:wheat":45},"minecraft:mined":{"minecraft:grass_block":5,"minecraft:deepslate_bricks":1,"minecraft:tall_grass":1,"minecraft:hay_block":29,"minecraft:white_terracotta":1,"minecraft:magma_block":6,"minecraft:fire":6,"minecraft:grass":2,"minecraft:bookshelf":1,"minecraft:oak_log":13,"minecraft:sand":12,"minecraft:dripstone_block":1,"minecraft:dirt":12,"minecraft:stone":12,"minecraft:oak_leaves":6},"minecraft:custom":{"minecraft:interact_with_furnace":10,"minecraft:mob_kills":3,"minecraft:traded_with_villager":1,"minecraft:interact_with_crafting_table":9,"minecraft:open_barrel":4,"minecraft:time_since_death":55469,"minecraft:sleep_in_bed":10,"minecraft:climb_one_cm":8410,"minecraft:time_since_rest":12641,"minecraft:sprint_one_cm":171079,"minecraft:damage_taken":791,"minecraft:walk_one_cm":178478,"minecraft:damage_blocked_by_shield":60,"minecraft:drop":12,"minecraft:damage_dealt":898,"minecraft:talked_to_villager":8,"minecraft:fly_one_cm":117994,"minecraft:deaths":2,"minecraft:open_chest":26,"minecraft:crouch_one_cm":21,"minecraft:play_time":64667,"minecraft:sneak_time":138,"minecraft:walk_under_water_one_cm":9184,"minecraft:jump":909,"minecraft:walk_on_water_one_cm":16556,"minecraft:total_world_time":64667,"minecraft:fall_one_cm":14891},"minecraft:killed_by":{"minecraft:vex":1},"minecraft:dropped":{"minecraft:iron_nugget":1,"minecraft:glass_bottle":3,"minecraft:rotten_flesh":1,"minecraft:oak_planks":1,"minecraft:dirt":4,"toughasnails:purified_water_bottle":1,"minecraft:gold_nugget":1,"minecraft:magma_block":1,"minecraft:paper":1}},"DataVersion":3465}