{"stats":{"minecraft:picked_up":{"irons_spellbooks:scroll":4,"minecraft:iron_chestplate":7,"minecraft:wheat":173,"illagerinvasion:platinum_chunk":5,"minecraft:chainmail_boots":21,"minecraft:potion":3,"minecraft:enchanted_book":3,"minecraft:brewing_stand":1,"minecraft:golden_sword":8,"minecraft:amethyst_block":80,"iceandfire:manuscript":10,"minecraft:string":57,"minecraft:raw_copper":16,"minecraft:iron_leggings":7,"minecraft:experience_bottle":25,"minecraft:oak_sign":2,"irons_spellbooks:fire_ale":1,"irons_spellbooks:arcane_essence":106,"minecraft:deepslate_tiles":1,"minecraft:gold_nugget":17,"minecraft:cobbled_deepslate":102,"minecraft:bucket":11,"minecraft:spruce_planks":14,"minecraft:calcite":2,"minecraft:iron_pickaxe":7,"minecraft:coal_block":2,"irons_spellbooks:inscription_table":7,"minecraft:furnace":9,"minecraft:iron_boots":2,"minecraft:tipped_arrow":22,"minecraft:stick":95,"iceandfire:ghost_chest":1,"born_in_chaos_v1:shattered_skull":11,"minecraft:torch":1061,"minecraft:spruce_stairs":2,"minecraft:golden_axe":10,"minecraft:cherry_log":2,"minecraft:pointed_dripstone":123,"minecraft:diorite":1,"minecraft:golden_chestplate":24,"minecraft:stone_sword":4,"minecraft:rotten_flesh":445,"irons_spellbooks:cooldown_ring":9,"irons_spellbooks:copper_spell_book":30,"minecraft:cobblestone":1526,"minecraft:magma_block":1,"minecraft:cooked_beef":7,"minecraft:water_bucket":16,"minecraft:andesite":147,"spartanshields:iron_basic_shield":11,"minecraft:golden_leggings":3,"minecraft:potato":25,"minecraft:flint":1,"rats:raw_rat":2,"minecraft:lapis_lazuli":12,"minecraft:dirt":493,"born_in_chaos_v1:monster_skin":2,"born_in_chaos_v1:marigolds":7,"minecraft:leather_boots":2,"minecraft:bone":277,"irons_spellbooks:pedestal":1,"minecraft:bow":25,"minecraft:wheat_seeds":24,"minecraft:raw_gold":9,"minecraft:oak_planks":171,"spartanshields:iron_tower_shield":2,"irons_spellbooks:frozen_bone":40,"minecraft:cooked_porkchop":4,"minecraft:sand":14,"immersive_armors:divine_boots":1,"alexsmobs:animal_dictionary":10,"minecraft:barrel":5,"immersive_armors:warrior_helmet":3,"toughasnails:water_canteen":19,"minecraft:diamond":4,"irons_spellbooks:divine_pearl":6,"minecraft:polished_blackstone_button":1,"minecraft:granite":2,"minecraft:bone_meal":1,"minecraft:emerald":678,"minecraft:chainmail_helmet":11,"minecraft:spruce_sign":1,"minecraft:bread":162,"alexsmobs:maggot":1,"minecraft:oak_sapling":25,"born_in_chaos_v1:rotten_fish":2,"irons_spellbooks:uncommon_ink":2,"iceandfire:raw_silver":28,"minecraft:charcoal":24,"minecraft:crafting_table":5,"born_in_chaos_v1:diamond_termite_shard":2,"minecraft:azure_bluet":1,"born_in_chaos_v1:river_mint":2,"minecraft:leather_leggings":2,"minecraft:gold_block":11,"minecraft:chain":3,"minecraft:shield":11,"immersive_armors:warrior_boots":10,"immersive_armors:wither_helmet":9,"minecraft:red_bed":5,"minecraft:iron_axe":14,"born_in_chaos_v1:intoxicating_decoction":1,"minecraft:iron_shovel":3,"iceandfire:graveyard_soil":4,"irons_spellbooks:epic_ink":1,"minecraft:iron_nugget":2,"minecraft:poppy":11,"minecraft:spruce_slab":1,"minecraft:sugar_cane":19,"minecraft:chest":8,"minecraft:spruce_trapdoor":2,"minecraft:egg":1,"minecraft:raw_iron":121,"minecraft:copper_ingot":2,"minecraft:bowl":1,"minecraft:spruce_fence":1,"minecraft:fire_charge":16,"born_in_chaos_v1:pieceofdarkmetal":1,"toughasnails:empty_canteen":1,"irons_spellbooks:evocation_rune":1,"minecraft:arrow":56,"minecraft:weeping_vines":11,"minecraft:decorated_pot":1,"minecraft:hay_block":195,"minecraft:totem_of_undying":1,"minecraft:gold_ingot":15,"minecraft:mutton":10,"minecraft:rail":6,"minecraft:skeleton_skull":2,"minecraft:white_wool":5,"born_in_chaos_v1:fused_bone":1,"iceandfire:silver_axe":9,"minecraft:stripped_oak_log":15,"born_in_chaos_v1:corpse_maggot":161,"born_in_chaos_v1:monster_flesh":3,"minecraft:glow_ink_sac":2,"minecraft:salmon":4,"minecraft:leather":39,"minecraft:oak_log":35,"minecraft:chainmail_chestplate":14,"toughasnails:purified_water_bottle":1,"iceandfire:ectoplasm":1,"minecraft:gunpowder":28,"minecraft:cobblestone_stairs":6,"minecraft:paper":20,"irons_spellbooks:common_ink":22,"minecraft:red_carpet":49,"immersive_armors:warrior_leggings":12,"minecraft:apple":91,"minecraft:stone_bricks":6,"born_in_chaos_v1:smoked_flesh":5,"minecraft:iron_ingot":44,"minecraft:cobweb":25,"minecraft:glass_bottle":5,"minecraft:iron_sword":44,"minecraft:book":2,"minecraft:smooth_basalt":2,"minecraft:emerald_block":17,"minecraft:sweet_berries":107,"born_in_chaos_v1:ethereal_spirit":3,"minecraft:dandelion":1,"minecraft:raw_iron_block":3,"minecraft:dripstone_block":21,"minecraft:gravel":4,"spartanshields:wooden_tower_shield":2,"minecraft:white_bed":9,"minecraft:spruce_log":58,"minecraft:spider_eye":35,"minecraft:leather_helmet":4,"minecraft:oak_wood":1,"iceandfire:silver_pickaxe":28,"minecraft:stone_axe":10,"iceandfire:silver_sword":3,"minecraft:chainmail_leggings":10,"minecraft:iron_helmet":3,"minecraft:coal":265},"minecraft:killed":{"born_in_chaos_v1:zombie_clown":1,"illagerinvasion:archivist":1,"minecraft:cave_spider":7,"born_in_chaos_v1:restless_spirit":1,"born_in_chaos_v1:zombie_lumberjack":2,"born_in_chaos_v1:skeleton_demoman":2,"enemyexpansion:equestrian":3,"minecraft:spider":10,"born_in_chaos_v1:siamese_skeletonsright":1,"illagerinvasion:basher":1,"minecraft:skeleton":11,"illagerinvasion:provoker":2,"alexsmobs:centipede_head":1,"irons_spellbooks:archevoker":1,"minecraft:pig":2,"minecraft:zombie_villager":3,"born_in_chaos_v1:diamond_termite":3,"minecraft:salmon":1,"enemyexpansion:tarantula":1,"irons_spellbooks:necromancer":1,"illagerinvasion:alchemist":1,"minecraft:creeper":3,"rats:rat":1,"minecraft:sheep":1,"born_in_chaos_v1:zombie_fisherman":1,"minecraft:pillager":4,"enemyexpansion:meature":1,"minecraft:zombie":31,"born_in_chaos_v1:dread_hound":3,"born_in_chaos_v1:corpse_fly":13,"enemyexpansion:botfly":2,"minecraft:stray":2,"born_in_chaos_v1:door_knight":3,"born_in_chaos_v1:siamese_skeletonsleft":1,"minecraft:cow":3,"minecraft:evoker":1,"irons_spellbooks:summoned_zombie":1,"minecraft:vindicator":4,"born_in_chaos_v1:skeleton_thrasher_not_despawn":1,"enemyexpansion:direwolf":6,"born_in_chaos_v1:maggot":18,"born_in_chaos_v1:corpse_fish":3,"born_in_chaos_v1:spiritof_chaos":1,"born_in_chaos_v1:baby_skeleton":5,"born_in_chaos_v1:swarmer":1,"enemyexpansion:sprinter":3,"born_in_chaos_v1:decrepit_skeleton":10,"born_in_chaos_v1:bloody_gadfly":1,"iceandfire:ghost":1,"enemyexpansion:huntsman":1,"enemyexpansion:slugger":1},"minecraft:used":{"irons_spellbooks:inscription_table":2,"minecraft:writable_book":1,"minecraft:poppy":1,"minecraft:oak_sign":1,"minecraft:chest":14,"minecraft:iron_sword":321,"minecraft:iron_chestplate":2,"minecraft:azure_bluet":1,"minecraft:obsidian":1,"spartanshields:wooden_tower_shield":3,"iceandfire:ghost_chest":1,"minecraft:stone_bricks":3,"minecraft:golden_sword":5,"minecraft:red_carpet":10,"minecraft:magma_block":1,"spartanshields:iron_basic_shield":70,"minecraft:hay_block":20,"minecraft:written_book":1,"minecraft:sweet_berries":19,"minecraft:oak_sapling":7,"minecraft:furnace":11,"minecraft:egg":1,"minecraft:diorite":1,"minecraft:stone_pickaxe":23,"minecraft:oak_planks":24,"minecraft:wooden_pickaxe":4,"minecraft:chainmail_helmet":2,"minecraft:sugar_cane":8,"toughasnails:water_canteen":194,"minecraft:white_wool":1,"minecraft:sand":3,"minecraft:mushroom_stew":1,"iceandfire:silver_axe":50,"minecraft:dripstone_block":14,"minecraft:deepslate_tiles":1,"iceandfire:silver_pickaxe":801,"born_in_chaos_v1:monster_flesh":1,"minecraft:string":1,"minecraft:bread":100,"minecraft:gravel":4,"minecraft:wooden_sword":3,"minecraft:chainmail_boots":3,"born_in_chaos_v1:river_mint":2,"minecraft:andesite":3,"minecraft:cobweb":4,"minecraft:experience_bottle":10,"minecraft:oak_trapdoor":6,"iceandfire:silver_sword":9,"minecraft:stone_sword":100,"toughasnails:water_purifier":1,"immersive_armors:warrior_leggings":4,"minecraft:spruce_planks":3,"minecraft:torch":172,"minecraft:dirt":78,"toughasnails:empty_canteen":26,"minecraft:chainmail_chestplate":3,"immersive_armors:warrior_boots":1,"minecraft:oak_wood":1,"minecraft:golden_chestplate":1,"minecraft:spruce_fence":1,"alexsmobs:maggot":1,"immersive_armors:wither_helmet":1,"minecraft:iron_axe":39,"minecraft:smooth_basalt":1,"minecraft:cooked_beef":7,"minecraft:cobbled_deepslate":12,"minecraft:cherry_log":2,"minecraft:pointed_dripstone":15,"minecraft:iron_leggings":2,"minecraft:calcite":1,"minecraft:water_bucket":66,"minecraft:cobblestone_stairs":2,"minecraft:glass_bottle":85,"spartanshields:iron_tower_shield":12,"minecraft:rail":2,"minecraft:crafting_table":13,"minecraft:red_bed":4,"minecraft:white_bed":8,"minecraft:spruce_log":10,"minecraft:apple":18,"minecraft:iron_pickaxe":97,"minecraft:spruce_trapdoor":2,"minecraft:stone_axe":101,"minecraft:fishing_rod":5,"minecraft:cobblestone":94,"minecraft:potion":86,"toughasnails:purified_water_bottle":1,"minecraft:cooked_porkchop":4,"minecraft:bucket":68,"alexsmobs:animal_dictionary":2,"minecraft:dandelion":1,"minecraft:chainmail_leggings":4},"minecraft:crafted":{"immersive_armors:warrior_boots":1,"minecraft:oak_planks":160,"immersive_armors:warrior_helmet":1,"minecraft:chain":4,"spartanshields:wooden_tower_shield":2,"spartanshields:iron_basic_shield":1,"minecraft:glass":10,"minecraft:bow":1,"minecraft:chest":8,"iceandfire:silver_axe":1,"minecraft:glass_bottle":3,"irons_spellbooks:scroll":5,"minecraft:emerald":171,"irons_spellbooks:copper_spell_book":2,"minecraft:crafting_table":11,"minecraft:spruce_planks":52,"spartanshields:iron_tower_shield":1,"minecraft:wooden_pickaxe":1,"minecraft:iron_helmet":1,"irons_spellbooks:furled_map":1,"minecraft:copper_ingot":2,"minecraft:iron_chestplate":1,"minecraft:paper":9,"minecraft:charcoal":1,"toughasnails:water_purifier":1,"immersive_armors:warrior_leggings":1,"minecraft:stick":184,"minecraft:iron_ingot":38,"minecraft:iron_pickaxe":1,"minecraft:stone_sword":1,"spartanshields:wooden_basic_shield":1,"iceandfire:silver_sword":1,"toughasnails:empty_canteen":2,"minecraft:wooden_sword":1,"minecraft:raw_iron":27,"minecraft:coal":18,"minecraft:fishing_rod":1,"minecraft:iron_nugget":9,"minecraft:furnace":11,"minecraft:oak_trapdoor":6,"minecraft:iron_axe":1,"minecraft:stone_pickaxe":1,"iceandfire:chain":1,"minecraft:wheat":207,"iceandfire:silver_ingot":16,"minecraft:bucket":2,"minecraft:stone_axe":1,"minecraft:bread":83,"minecraft:air":0,"minecraft:torch":244,"iceandfire:silver_pickaxe":3},"minecraft:broken":{"iceandfire:silver_pickaxe":1,"toughasnails:water_canteen":24},"minecraft:mined":{"minecraft:large_amethyst_bud":1,"minecraft:spruce_planks":8,"minecraft:white_bed":6,"minecraft:cobblestone_stairs":6,"minecraft:brewing_stand":1,"minecraft:spruce_trapdoor":2,"minecraft:granite":2,"minecraft:budding_amethyst":2,"minecraft:grass_block":39,"minecraft:deepslate_bricks":2,"minecraft:coal_block":2,"minecraft:oak_wall_sign":2,"minecraft:spawner":6,"minecraft:raw_iron_block":3,"minecraft:iron_ore":50,"minecraft:fire":110,"minecraft:barrel":5,"minecraft:azure_bluet":1,"minecraft:sculk_shrieker":1,"minecraft:pointed_dripstone":63,"minecraft:small_amethyst_bud":1,"minecraft:spruce_slab":2,"irons_spellbooks:pedestal":1,"minecraft:red_bed":4,"minecraft:blackstone":2,"born_in_chaos_v1:infected_deepslate_diamond_ore":1,"minecraft:torch":2,"minecraft:calcite":1,"minecraft:poppy":1,"iceandfire:ghost_chest":1,"minecraft:chest":8,"minecraft:cobblestone":37,"minecraft:oak_planks":13,"minecraft:sugar_cane":12,"minecraft:wall_torch":1,"minecraft:amethyst_block":40,"minecraft:seagrass":2,"minecraft:chain":1,"born_in_chaos_v1:river_mint":2,"minecraft:grass":59,"minecraft:oak_log":35,"minecraft:sand":14,"minecraft:dirt":55,"minecraft:smooth_basalt":1,"minecraft:deepslate":88,"minecraft:oak_leaves":23,"minecraft:deepslate_tiles":1,"iceandfire:silver_ore":24,"minecraft:deepslate_diamond_ore":1,"born_in_chaos_v1:infected_diamond_ore":3,"minecraft:spruce_fence":1,"minecraft:decorated_pot":1,"minecraft:weeping_vines":1,"minecraft:spruce_leaves":2,"minecraft:large_fern":1,"minecraft:hay_block":21,"minecraft:furnace":9,"minecraft:andesite":17,"minecraft:gold_block":1,"minecraft:deepslate_iron_ore":15,"minecraft:vine":4,"minecraft:stripped_oak_log":14,"irons_spellbooks:inscription_table":4,"minecraft:stone":373,"born_in_chaos_v1:marigolds":1,"minecraft:basalt":1,"minecraft:dandelion":3,"minecraft:crafting_table":3,"minecraft:blackstone_slab":5,"minecraft:campfire":1,"minecraft:copper_ore":6,"minecraft:tall_grass":39,"minecraft:deepslate_gold_ore":6,"minecraft:diorite":1,"minecraft:spruce_stairs":3,"minecraft:spruce_log":15,"minecraft:coal_ore":106,"minecraft:dripstone_block":20,"minecraft:cobweb":5,"minecraft:stone_bricks":4},"minecraft:custom":{"minecraft:interact_with_crafting_table":74,"minecraft:open_barrel":54,"minecraft:leave_game":9,"minecraft:time_since_death":10272,"minecraft:sprint_one_cm":1394594,"minecraft:damage_blocked_by_shield":3514,"minecraft:drop":44,"minecraft:talked_to_villager":10,"minecraft:play_time":432861,"minecraft:deaths":80,"minecraft:jump":9821,"minecraft:walk_on_water_one_cm":74677,"minecraft:interact_with_furnace":99,"minecraft:traded_with_villager":6,"minecraft:sleep_in_bed":19,"minecraft:damage_dealt":25699,"minecraft:player_kills":2,"minecraft:crouch_one_cm":20844,"minecraft:interact_with_smoker":1,"minecraft:interact_with_anvil":3,"minecraft:mob_kills":190,"minecraft:damage_dealt_resisted":1733,"minecraft:climb_one_cm":51916,"minecraft:walk_one_cm":1111327,"minecraft:sneak_time":7650,"minecraft:walk_under_water_one_cm":33199,"minecraft:interact_with_lectern":5,"minecraft:total_world_time":432861,"minecraft:time_since_rest":6396,"minecraft:damage_taken":26855,"minecraft:trigger_trapped_chest":1,"minecraft:swim_one_cm":70934,"minecraft:fly_one_cm":1932363,"minecraft:open_chest":306,"minecraft:fish_caught":1,"minecraft:fall_one_cm":320199},"minecraft:killed_by":{"minecraft:zombie_villager":2,"minecraft:pillager":2,"enemyexpansion:slugger":1,"enemyexpansion:huntsman":1,"minecraft:vindicator":5,"minecraft:cave_spider":15,"minecraft:zombie":3,"enemyexpansion:invisicreeper":1,"minecraft:vex":3,"minecraft:player":1,"minecraft:stray":1,"minecraft:spider":3,"enemyexpansion:equestrian":1,"irons_spellbooks:necromancer":1,"minecraft:skeleton":4,"irons_spellbooks:archevoker":23,"born_in_chaos_v1:door_knight":1,"born_in_chaos_v1:dread_hound":1,"born_in_chaos_v1:maggot":1},"minecraft:dropped":{"minecraft:iron_sword":1,"iceandfire:ectoplasm":1,"iceandfire:graveyard_soil":4,"minecraft:dirt":5,"born_in_chaos_v1:monster_skin":1,"minecraft:chain":1,"minecraft:bone":1,"minecraft:rotten_flesh":6,"minecraft:oak_planks":53,"minecraft:poppy":10,"minecraft:gunpowder":2,"minecraft:arrow":10,"iceandfire:silver_pickaxe":1,"minecraft:wheat_seeds":13,"minecraft:stick":1,"irons_spellbooks:scroll":1,"born_in_chaos_v1:fused_bone":1,"minecraft:iron_axe":1,"minecraft:iron_shovel":1,"minecraft:string":1,"rats:raw_rat":1,"minecraft:bucket":1,"irons_spellbooks:copper_spell_book":1,"minecraft:bowl":1,"born_in_chaos_v1:rotten_fish":1,"minecraft:pumpkin_seeds":1,"minecraft:potato":1,"minecraft:hay_block":1,"minecraft:andesite":1,"minecraft:spider_eye":5,"minecraft:bow":1,"minecraft:stone_pickaxe":1}},"DataVersion":3465}