{"stats":{"minecraft:picked_up":{"irons_spellbooks:scroll":3,"minecraft:magma_block":1,"minecraft:crafting_table":2,"minecraft:wheat":87,"illagerinvasion:platinum_chunk":5,"minecraft:enchanted_book":3,"minecraft:oak_log":6,"minecraft:chain":1,"minecraft:cobblestone_stairs":6,"minecraft:string":2,"minecraft:dirt":25,"minecraft:paper":18,"minecraft:raw_copper":9,"born_in_chaos_v1:marigolds":7,"irons_spellbooks:common_ink":21,"minecraft:experience_bottle":25,"minecraft:oak_sign":2,"irons_spellbooks:arcane_essence":33,"minecraft:wheat_seeds":2,"minecraft:iron_ingot":4,"minecraft:cobweb":4,"minecraft:iron_nugget":1,"minecraft:chest":4,"minecraft:oak_planks":114,"irons_spellbooks:inscription_table":5,"minecraft:spruce_trapdoor":2,"minecraft:stick":17,"minecraft:raw_iron":12,"born_in_chaos_v1:ethereal_spirit":1,"minecraft:raw_iron_block":1,"spartanshields:wooden_tower_shield":2,"minecraft:sand":6,"minecraft:diorite":1,"minecraft:spruce_log":28,"alexsmobs:animal_dictionary":10,"minecraft:oak_wood":1,"minecraft:arrow":6,"minecraft:rotten_flesh":7,"minecraft:decorated_pot":1,"minecraft:diamond":3,"minecraft:stone_axe":6,"irons_spellbooks:divine_pearl":6,"minecraft:hay_block":69,"minecraft:spruce_sign":1,"minecraft:emerald":21,"minecraft:oak_sapling":12,"irons_spellbooks:uncommon_ink":2,"minecraft:cobblestone":28},"minecraft:killed":{"born_in_chaos_v1:restless_spirit":1,"minecraft:vindicator":1,"minecraft:pillager":4,"minecraft:zombie":1,"born_in_chaos_v1:door_knight":1},"minecraft:used":{"irons_spellbooks:inscription_table":2,"minecraft:diorite":1,"minecraft:stone_sword":5,"minecraft:cobblestone_stairs":2,"minecraft:glass_bottle":13,"minecraft:oak_planks":21,"minecraft:oak_sign":1,"minecraft:chest":3,"minecraft:wooden_pickaxe":4,"minecraft:dirt":1,"minecraft:sand":3,"minecraft:crafting_table":7,"minecraft:oak_wood":1,"minecraft:spruce_log":8,"spartanshields:wooden_tower_shield":3,"minecraft:bread":7,"minecraft:iron_pickaxe":38,"minecraft:spruce_trapdoor":2,"minecraft:stone_axe":73,"minecraft:magma_block":1,"minecraft:wooden_sword":3,"minecraft:potion":12,"minecraft:hay_block":1,"alexsmobs:animal_dictionary":2,"minecraft:cobweb":2,"minecraft:experience_bottle":8},"minecraft:crafted":{"minecraft:glass_bottle":3,"minecraft:wooden_sword":1,"minecraft:raw_iron":9,"irons_spellbooks:copper_spell_book":1,"minecraft:crafting_table":5,"minecraft:spruce_planks":16,"minecraft:wooden_pickaxe":1,"spartanshields:wooden_tower_shield":1,"minecraft:copper_ingot":2,"minecraft:stone_axe":1,"minecraft:air":0,"minecraft:bread":30,"minecraft:glass":3,"minecraft:stick":12,"minecraft:iron_pickaxe":1,"minecraft:stone_sword":1,"minecraft:chest":1,"minecraft:wheat":126},"minecraft:mined":{"born_in_chaos_v1:marigolds":1,"minecraft:cobblestone_stairs":6,"minecraft:spruce_trapdoor":2,"minecraft:crafting_table":2,"minecraft:grass_block":8,"minecraft:decorated_pot":1,"minecraft:chest":3,"minecraft:copper_ore":3,"minecraft:tall_grass":6,"minecraft:cobblestone":4,"minecraft:oak_planks":13,"minecraft:diorite":1,"minecraft:oak_wall_sign":2,"minecraft:hay_block":1,"minecraft:raw_iron_block":1,"minecraft:fire":54,"minecraft:spruce_log":8,"minecraft:grass":11,"minecraft:oak_log":6,"minecraft:sand":6,"minecraft:dirt":13,"minecraft:cobweb":2,"irons_spellbooks:inscription_table":2,"minecraft:stone":25,"minecraft:oak_leaves":5},"minecraft:custom":{"minecraft:interact_with_furnace":12,"minecraft:mob_kills":8,"minecraft:interact_with_crafting_table":15,"minecraft:open_barrel":11,"minecraft:time_since_death":43,"minecraft:sleep_in_bed":3,"minecraft:climb_one_cm":2499,"minecraft:time_since_rest":73,"minecraft:sprint_one_cm":177999,"minecraft:damage_taken":2952,"minecraft:walk_one_cm":158052,"minecraft:damage_blocked_by_shield":244,"minecraft:drop":1,"minecraft:damage_dealt":2402,"minecraft:talked_to_villager":2,"minecraft:fly_one_cm":243288,"minecraft:open_chest":27,"minecraft:crouch_one_cm":1881,"minecraft:play_time":52888,"minecraft:deaths":10,"minecraft:sneak_time":540,"minecraft:walk_under_water_one_cm":378,"minecraft:jump":1168,"minecraft:walk_on_water_one_cm":4209,"minecraft:total_world_time":52888,"minecraft:fall_one_cm":47255},"minecraft:dropped":{"minecraft:wheat_seeds":2},"minecraft:killed_by":{"minecraft:vindicator":3,"irons_spellbooks:archevoker":1,"enemyexpansion:huntsman":1,"born_in_chaos_v1:door_knight":1,"minecraft:vex":1}},"DataVersion":3465}