{"stats":{"minecraft:custom":{"minecraft:interact_with_crafting_table":92,"minecraft:open_barrel":59,"minecraft:leave_game":12,"minecraft:time_since_death":44348,"minecraft:sprint_one_cm":2036540,"minecraft:damage_blocked_by_shield":4789,"minecraft:drop":157,"minecraft:talked_to_villager":12,"minecraft:play_time":648403,"minecraft:deaths":89,"minecraft:jump":12930,"minecraft:interact_with_brewingstand":1,"minecraft:walk_on_water_one_cm":85509,"minecraft:interact_with_furnace":104,"minecraft:traded_with_villager":6,"minecraft:sleep_in_bed":22,"minecraft:damage_dealt":32493,"minecraft:player_kills":5,"minecraft:crouch_one_cm":22369,"minecraft:interact_with_smoker":1,"minecraft:horse_one_cm":2524663,"minecraft:interact_with_anvil":3,"minecraft:mob_kills":284,"minecraft:damage_dealt_resisted":1733,"minecraft:climb_one_cm":89728,"minecraft:walk_one_cm":1602799,"minecraft:sneak_time":8420,"minecraft:walk_under_water_one_cm":39230,"minecraft:interact_with_lectern":5,"minecraft:total_world_time":648403,"minecraft:time_since_rest":1681,"minecraft:damage_absorbed":346,"minecraft:damage_taken":32342,"minecraft:trigger_trapped_chest":1,"minecraft:swim_one_cm":99083,"minecraft:fly_one_cm":2577712,"minecraft:open_chest":510,"minecraft:fish_caught":1,"minecraft:fall_one_cm":411098},"minecraft:killed":{"illagerinvasion:archivist":4,"born_in_chaos_v1:zombie_clown":1,"minecraft:cave_spider":16,"born_in_chaos_v1:restless_spirit":1,"born_in_chaos_v1:zombie_lumberjack":2,"born_in_chaos_v1:skeleton_demoman":2,"minecraft:spider":11,"enemyexpansion:equestrian":4,"born_in_chaos_v1:siamese_skeletonsright":1,"illagerinvasion:basher":2,"minecraft:skeleton":17,"illagerinvasion:provoker":3,"creeperoverhaul:cave_creeper":2,"alexsmobs:centipede_head":1,"irons_spellbooks:archevoker":1,"irons_spellbooks:summoned_skeleton":1,"illagerinvasion:necromancer":1,"minecraft:pig":5,"born_in_chaos_v1:diamond_termite":3,"minecraft:zombie_villager":7,"minecraft:salmon":1,"enemyexpansion:tarantula":1,"irons_spellbooks:necromancer":2,"illagerinvasion:alchemist":2,"minecraft:creeper":4,"rats:rat":3,"minecraft:sheep":5,"born_in_chaos_v1:zombie_fisherman":1,"minecraft:pillager":4,"enemyexpansion:meature":2,"minecraft:zombie":38,"born_in_chaos_v1:dread_hound":3,"born_in_chaos_v1:corpse_fly":34,"minecraft:stray":2,"enemyexpansion:botfly":2,"born_in_chaos_v1:door_knight":3,"born_in_chaos_v1:siamese_skeletonsleft":1,"minecraft:cow":3,"minecraft:evoker":1,"irons_spellbooks:summoned_zombie":3,"alexsmobs:raccoon":2,"minecraft:vindicator":5,"illagerinvasion:marauder":2,"born_in_chaos_v1:skeleton_thrasher_not_despawn":1,"enemyexpansion:direwolf":7,"born_in_chaos_v1:maggot":18,"born_in_chaos_v1:corpse_fish":4,"born_in_chaos_v1:spiritof_chaos":1,"born_in_chaos_v1:baby_skeleton":6,"born_in_chaos_v1:swarmer":1,"enemyexpansion:sprinter":7,"born_in_chaos_v1:decrepit_skeleton":10,"born_in_chaos_v1:bloody_gadfly":1,"iceandfire:ghost":1,"enemyexpansion:huntsman":1,"alexsmobs:crow":2,"enemyexpansion:slugger":1},"minecraft:picked_up":{"irons_spellbooks:scroll":15,"minecraft:chainmail_boots":25,"minecraft:iron_chestplate":12,"minecraft:wheat":182,"illagerinvasion:platinum_chunk":6,"minecraft:anvil":2,"minecraft:magenta_carpet":1,"minecraft:enchanted_book":6,"minecraft:wither_rose":2,"minecraft:potion":5,"minecraft:brewing_stand":1,"minecraft:golden_sword":8,"minecraft:amethyst_block":80,"iceandfire:manuscript":10,"minecraft:string":101,"minecraft:raw_copper":16,"minecraft:iron_leggings":10,"minecraft:experience_bottle":25,"minecraft:oak_sign":2,"irons_spellbooks:arcane_essence":185,"illagerinvasion:platinum_infused_hatchet":1,"irons_spellbooks:fire_ale":1,"minecraft:deepslate_tiles":1,"minecraft:gold_nugget":76,"minecraft:cobbled_deepslate":179,"bosses_of_mass_destruction:soul_star":1,"minecraft:bucket":12,"minecraft:spruce_planks":23,"minecraft:calcite":2,"minecraft:iron_pickaxe":14,"minecraft:coal_block":2,"irons_spellbooks:inscription_table":7,"iceandfire:dragonscales_red":15,"minecraft:iron_boots":5,"minecraft:furnace":9,"minecraft:tipped_arrow":22,"minecraft:stick":139,"iceandfire:ghost_chest":1,"born_in_chaos_v1:shattered_skull":11,"minecraft:oak_fence":4,"minecraft:torch":1102,"minecraft:spruce_stairs":3,"minecraft:golden_axe":10,"minecraft:cherry_log":2,"minecraft:pointed_dripstone":196,"minecraft:diorite":1,"minecraft:golden_chestplate":24,"enemyexpansion:meathead_helmet":2,"minecraft:stone_sword":4,"minecraft:rotten_flesh":474,"iceandfire:fire_dragon_heart":1,"irons_spellbooks:cooldown_ring":9,"irons_spellbooks:copper_spell_book":39,"minecraft:cobblestone":1756,"minecraft:birch_log":14,"minecraft:magma_block":1,"minecraft:leather_chestplate":1,"minecraft:feather":1,"minecraft:cooked_beef":7,"minecraft:water_bucket":21,"minecraft:andesite":148,"spartanshields:iron_basic_shield":11,"minecraft:black_bed":2,"minecraft:brown_wool":2,"minecraft:golden_leggings":3,"minecraft:potato":309,"minecraft:flint":1,"rats:raw_rat":3,"minecraft:lapis_lazuli":12,"minecraft:dirt":527,"minecraft:lantern":2,"minecraft:name_tag":4,"born_in_chaos_v1:monster_skin":2,"minecraft:leather_boots":3,"born_in_chaos_v1:marigolds":7,"minecraft:bone":291,"irons_spellbooks:pedestal":1,"minecraft:bow":26,"minecraft:wheat_seeds":67,"minecraft:raw_gold":17,"minecraft:mossy_stone_bricks":6,"minecraft:diamond_helmet":1,"minecraft:stone_hoe":2,"minecraft:oak_planks":269,"toughasnails:purified_water_canteen":2,"spartanshields:iron_tower_shield":8,"irons_spellbooks:frozen_bone":40,"minecraft:cooked_porkchop":12,"minecraft:poisonous_potato":1,"iceandfire:dragon_skull_fire":1,"minecraft:sand":32,"immersive_armors:divine_boots":1,"minecraft:barrel":5,"alexsmobs:animal_dictionary":10,"immersive_armors:warrior_helmet":6,"toughasnails:water_canteen":26,"minecraft:yellow_carpet":1,"minecraft:diamond":9,"irons_spellbooks:divine_pearl":6,"minecraft:polished_blackstone_button":1,"minecraft:granite":5,"minecraft:spruce_sign":1,"minecraft:bone_meal":2,"minecraft:golden_apple":8,"minecraft:bread":229,"minecraft:chainmail_helmet":20,"minecraft:emerald":687,"alexsmobs:maggot":1,"born_in_chaos_v1:rotten_fish":6,"minecraft:oak_sapling":26,"irons_spellbooks:uncommon_ink":2,"iceandfire:raw_silver":28,"minecraft:diamond_pickaxe":2,"minecraft:charcoal":24,"minecraft:crafting_table":8,"born_in_chaos_v1:diamond_termite_shard":2,"minecraft:azure_bluet":1,"born_in_chaos_v1:river_mint":3,"minecraft:ladder":4,"minecraft:chest_minecart":2,"minecraft:leather_leggings":4,"minecraft:gold_block":11,"minecraft:chain":3,"minecraft:shield":11,"immersive_armors:warrior_boots":13,"immersive_armors:wither_helmet":9,"minecraft:cornflower":2,"minecraft:oak_trapdoor":2,"minecraft:red_bed":5,"minecraft:iron_axe":23,"born_in_chaos_v1:intoxicating_decoction":1,"minecraft:white_carpet":1,"minecraft:iron_shovel":4,"spartanshields:stone_tower_shield":1,"iceandfire:graveyard_soil":4,"minecraft:cracked_stone_bricks":17,"irons_spellbooks:epic_ink":1,"minecraft:iron_nugget":9,"minecraft:poppy":11,"minecraft:spruce_slab":2,"minecraft:sugar_cane":22,"minecraft:chest":13,"minecraft:spruce_trapdoor":3,"minecraft:egg":1,"illagerinvasion:lost_candle":3,"minecraft:raw_iron":131,"iceandfire:dragonbone":12,"minecraft:stone":2,"minecraft:copper_ingot":23,"minecraft:bowl":1,"minecraft:spruce_fence":1,"minecraft:fire_charge":16,"born_in_chaos_v1:pieceofdarkmetal":1,"minecraft:carrot":146,"spartanshields:stone_basic_shield":2,"toughasnails:empty_canteen":3,"irons_spellbooks:evocation_rune":1,"minecraft:arrow":213,"minecraft:weeping_vines":11,"minecraft:diamond_chestplate":3,"minecraft:decorated_pot":1,"minecraft:hay_block":224,"rats:cooked_rat":1,"minecraft:gold_ingot":26,"minecraft:totem_of_undying":1,"minecraft:glow_berries":17,"minecraft:mutton":13,"minecraft:skeleton_skull":2,"minecraft:white_wool":7,"minecraft:rail":36,"minecraft:stripped_oak_log":17,"born_in_chaos_v1:fused_bone":1,"iceandfire:silver_axe":17,"born_in_chaos_v1:corpse_maggot":185,"born_in_chaos_v1:monster_flesh":3,"minecraft:glow_ink_sac":2,"minecraft:salmon":4,"minecraft:leather":39,"minecraft:birch_planks":11,"minecraft:oak_log":43,"minecraft:chainmail_chestplate":16,"toughasnails:purified_water_bottle":1,"iceandfire:ectoplasm":1,"rats:rat_pelt":1,"minecraft:gunpowder":51,"minecraft:cobblestone_stairs":6,"minecraft:paper":24,"minecraft:white_banner":1,"minecraft:cooked_mutton":6,"irons_spellbooks:common_ink":22,"minecraft:red_carpet":49,"immersive_armors:warrior_leggings":12,"minecraft:apple":91,"minecraft:stone_bricks":20,"minecraft:iron_ingot":99,"born_in_chaos_v1:smoked_flesh":5,"irons_spellbooks:pumpkin_chestplate":4,"minecraft:cobweb":25,"minecraft:glass_bottle":8,"minecraft:iron_sword":57,"iceandfire:fire_dragon_flesh":4,"minecraft:book":31,"minecraft:smooth_basalt":2,"minecraft:emerald_block":17,"minecraft:sweet_berries":159,"born_in_chaos_v1:ethereal_spirit":3,"minecraft:dandelion":3,"minecraft:raw_iron_block":3,"minecraft:dripstone_block":25,"minecraft:gravel":10,"spartanshields:wooden_tower_shield":2,"minecraft:spruce_sapling":8,"minecraft:white_bed":9,"minecraft:spruce_log":65,"minecraft:spider_eye":40,"minecraft:leather_helmet":4,"irons_spellbooks:poisonward_ring":2,"minecraft:oak_wood":1,"iceandfire:silver_pickaxe":29,"minecraft:stone_axe":10,"iceandfire:silver_sword":3,"minecraft:chainmail_leggings":16,"minecraft:iron_helmet":4,"minecraft:baked_potato":121,"minecraft:coal":276},"minecraft:used":{"irons_spellbooks:inscription_table":2,"minecraft:writable_book":1,"irons_spellbooks:pumpkin_chestplate":1,"minecraft:spruce_slab":1,"minecraft:poppy":1,"minecraft:oak_sign":1,"minecraft:chest":21,"minecraft:iron_sword":509,"minecraft:stone":1,"minecraft:rotten_flesh":10,"minecraft:iron_chestplate":2,"minecraft:carrot":42,"minecraft:azure_bluet":1,"minecraft:obsidian":1,"spartanshields:wooden_tower_shield":3,"minecraft:lantern":1,"iceandfire:ghost_chest":1,"minecraft:stone_bricks":10,"minecraft:golden_sword":5,"minecraft:red_carpet":10,"minecraft:magma_block":1,"spartanshields:iron_basic_shield":70,"rats:cooked_rat":1,"minecraft:hay_block":20,"minecraft:written_book":1,"minecraft:sweet_berries":99,"minecraft:oak_sapling":7,"minecraft:furnace":11,"minecraft:egg":1,"minecraft:potato":117,"minecraft:mossy_stone_bricks":6,"minecraft:diorite":1,"minecraft:stone_pickaxe":23,"minecraft:oak_planks":38,"minecraft:sugar_cane":8,"minecraft:wooden_pickaxe":4,"minecraft:chainmail_helmet":2,"toughasnails:water_canteen":323,"minecraft:golden_apple":8,"minecraft:white_wool":1,"minecraft:sand":3,"minecraft:mushroom_stew":1,"illagerinvasion:lost_candle":5,"iceandfire:silver_axe":114,"minecraft:dripstone_block":15,"minecraft:black_bed":1,"minecraft:deepslate_tiles":1,"iceandfire:silver_pickaxe":835,"born_in_chaos_v1:monster_flesh":1,"minecraft:string":4,"minecraft:bread":109,"minecraft:gravel":6,"minecraft:wooden_sword":3,"minecraft:chainmail_boots":3,"born_in_chaos_v1:river_mint":3,"minecraft:andesite":3,"minecraft:cobweb":4,"minecraft:chest_minecart":1,"minecraft:experience_bottle":10,"minecraft:oak_trapdoor":8,"minecraft:stone_sword":100,"iceandfire:silver_sword":9,"toughasnails:water_purifier":1,"immersive_armors:warrior_leggings":4,"minecraft:spruce_planks":3,"minecraft:torch":246,"minecraft:dirt":86,"minecraft:white_carpet":1,"immersive_armors:warrior_helmet":1,"toughasnails:empty_canteen":46,"minecraft:chainmail_chestplate":3,"minecraft:spruce_stairs":1,"minecraft:oak_wood":1,"immersive_armors:warrior_boots":2,"minecraft:golden_chestplate":1,"minecraft:spruce_fence":1,"alexsmobs:maggot":1,"immersive_armors:wither_helmet":1,"minecraft:iron_axe":44,"minecraft:totem_of_undying":1,"minecraft:smooth_basalt":1,"minecraft:pointed_dripstone":20,"minecraft:cherry_log":2,"minecraft:cooked_beef":7,"minecraft:cobbled_deepslate":29,"minecraft:iron_leggings":2,"minecraft:calcite":1,"minecraft:wheat_seeds":13,"minecraft:cooked_mutton":6,"minecraft:water_bucket":92,"minecraft:cobblestone_stairs":2,"minecraft:glass_bottle":85,"minecraft:baked_potato":21,"minecraft:spruce_sign":1,"spartanshields:iron_tower_shield":30,"minecraft:cracked_stone_bricks":7,"minecraft:rail":3,"minecraft:crafting_table":20,"minecraft:red_bed":4,"minecraft:white_bed":8,"minecraft:magenta_carpet":1,"minecraft:spruce_log":11,"minecraft:apple":25,"minecraft:iron_pickaxe":323,"minecraft:spruce_trapdoor":3,"minecraft:spruce_sapling":1,"minecraft:stone_axe":101,"minecraft:fishing_rod":5,"minecraft:cobblestone":215,"minecraft:potion":87,"toughasnails:purified_water_bottle":1,"minecraft:bucket":95,"minecraft:cooked_porkchop":6,"toughasnails:purified_water_canteen":5,"alexsmobs:animal_dictionary":2,"minecraft:stripped_oak_log":1,"minecraft:dandelion":1,"minecraft:chainmail_leggings":4},"minecraft:dropped":{"minecraft:iron_sword":5,"iceandfire:silver_axe":2,"immersive_armors:warrior_helmet":1,"minecraft:glass_bottle":2,"iceandfire:fire_dragon_flesh":2,"minecraft:black_bed":1,"iceandfire:ectoplasm":1,"minecraft:cracked_stone_bricks":8,"minecraft:rail":9,"iceandfire:graveyard_soil":4,"minecraft:dirt":10,"born_in_chaos_v1:monster_skin":1,"minecraft:cornflower":1,"iceandfire:dragonscales_red":7,"minecraft:chain":1,"minecraft:iron_pickaxe":1,"minecraft:birch_log":3,"minecraft:gold_ingot":2,"minecraft:bone":3,"minecraft:sugar_cane":3,"spartanshields:stone_basic_shield":1,"minecraft:cobbled_deepslate":26,"minecraft:pointed_dripstone":2,"minecraft:rotten_flesh":15,"minecraft:oak_planks":79,"enemyexpansion:meathead_helmet":1,"minecraft:poppy":10,"minecraft:gunpowder":10,"minecraft:chainmail_boots":1,"born_in_chaos_v1:corpse_maggot":2,"minecraft:leather_boots":1,"minecraft:chest":3,"minecraft:ladder":2,"minecraft:arrow":82,"iceandfire:silver_pickaxe":1,"irons_spellbooks:poisonward_ring":1,"minecraft:bread":14,"minecraft:iron_ingot":15,"toughasnails:water_canteen":2,"minecraft:wheat_seeds":17,"illagerinvasion:platinum_infused_hatchet":1,"minecraft:oak_fence":2,"minecraft:cobblestone":29,"minecraft:book":1,"minecraft:granite":1,"minecraft:chainmail_helmet":3,"minecraft:coal":3,"minecraft:yellow_carpet":1,"minecraft:stick":1,"irons_spellbooks:scroll":5,"born_in_chaos_v1:fused_bone":1,"minecraft:wither_rose":1,"toughasnails:purified_water_canteen":2,"minecraft:white_banner":1,"minecraft:iron_axe":5,"minecraft:iron_shovel":1,"minecraft:string":18,"rats:raw_rat":1,"minecraft:bucket":2,"iceandfire:dragon_skull_fire":1,"minecraft:spruce_sapling":1,"iceandfire:dragonbone":6,"irons_spellbooks:copper_spell_book":2,"minecraft:bowl":1,"born_in_chaos_v1:rotten_fish":3,"minecraft:iron_boots":1,"minecraft:pumpkin_seeds":1,"minecraft:potato":1,"minecraft:hay_block":24,"minecraft:spruce_planks":8,"minecraft:iron_chestplate":1,"minecraft:diamond_pickaxe":1,"minecraft:andesite":2,"minecraft:spider_eye":9,"minecraft:stone_bricks":7,"minecraft:bow":2,"iceandfire:fire_dragon_heart":1,"minecraft:stone_pickaxe":1,"minecraft:raw_gold":2},"minecraft:broken":{"iceandfire:silver_pickaxe":1,"immersive_armors:warrior_helmet":1,"toughasnails:water_canteen":42,"minecraft:iron_pickaxe":1,"toughasnails:purified_water_canteen":1},"minecraft:killed_by":{"minecraft:zombie_villager":2,"minecraft:pillager":2,"enemyexpansion:slugger":1,"enemyexpansion:huntsman":2,"minecraft:vindicator":5,"minecraft:cave_spider":16,"minecraft:zombie":3,"iceandfire:fire_dragon":1,"enemyexpansion:invisicreeper":1,"minecraft:vex":3,"minecraft:player":4,"minecraft:stray":1,"minecraft:spider":3,"enemyexpansion:equestrian":1,"irons_spellbooks:necromancer":1,"minecraft:skeleton":4,"born_in_chaos_v1:corpse_fish":1,"irons_spellbooks:archevoker":23,"born_in_chaos_v1:door_knight":1,"born_in_chaos_v1:dread_hound":1,"born_in_chaos_v1:maggot":1},"minecraft:mined":{"minecraft:large_amethyst_bud":1,"minecraft:spruce_planks":9,"minecraft:white_bed":6,"minecraft:cobblestone_stairs":6,"minecraft:brewing_stand":1,"minecraft:spruce_trapdoor":3,"minecraft:granite":3,"minecraft:budding_amethyst":2,"minecraft:grass_block":49,"minecraft:deepslate_bricks":2,"minecraft:coal_block":2,"minecraft:oak_wall_sign":2,"minecraft:spawner":8,"minecraft:raw_iron_block":3,"minecraft:iron_ore":50,"minecraft:barrel":5,"minecraft:fire":137,"minecraft:anvil":1,"minecraft:azure_bluet":1,"minecraft:sculk_shrieker":1,"minecraft:pointed_dripstone":85,"iceandfire:gold_pile":55,"minecraft:small_amethyst_bud":1,"minecraft:spruce_slab":3,"minecraft:tripwire":2,"irons_spellbooks:pedestal":1,"minecraft:red_bed":4,"minecraft:blackstone":2,"born_in_chaos_v1:infected_deepslate_diamond_ore":1,"minecraft:torch":2,"minecraft:calcite":1,"minecraft:poppy":1,"iceandfire:ghost_chest":1,"minecraft:chest":10,"minecraft:cobblestone":80,"minecraft:oak_planks":34,"minecraft:sugar_cane":12,"minecraft:wall_torch":1,"minecraft:amethyst_block":40,"minecraft:seagrass":2,"minecraft:chain":1,"minecraft:wheat":19,"minecraft:birch_log":11,"born_in_chaos_v1:river_mint":3,"minecraft:black_bed":3,"minecraft:grass":80,"minecraft:oak_log":43,"minecraft:sand":14,"minecraft:dirt":63,"minecraft:smooth_basalt":1,"minecraft:deepslate":135,"minecraft:oak_leaves":33,"minecraft:deepslate_tiles":1,"iceandfire:silver_ore":24,"minecraft:deepslate_diamond_ore":1,"born_in_chaos_v1:infected_diamond_ore":3,"minecraft:ladder":2,"minecraft:spruce_fence":1,"minecraft:decorated_pot":1,"minecraft:weeping_vines":1,"minecraft:spruce_leaves":5,"minecraft:large_fern":5,"minecraft:hay_block":23,"minecraft:oak_trapdoor":2,"minecraft:furnace":9,"minecraft:carrots":67,"minecraft:andesite":18,"minecraft:gold_block":1,"minecraft:potatoes":181,"minecraft:vine":23,"minecraft:deepslate_iron_ore":15,"minecraft:rail":1,"minecraft:lantern":1,"minecraft:stripped_oak_log":15,"irons_spellbooks:inscription_table":4,"minecraft:stone":420,"born_in_chaos_v1:marigolds":1,"minecraft:basalt":1,"minecraft:dandelion":3,"minecraft:oak_fence":1,"minecraft:crafting_table":5,"minecraft:blackstone_slab":5,"minecraft:campfire":1,"minecraft:copper_ore":6,"minecraft:tall_grass":46,"minecraft:deepslate_gold_ore":6,"minecraft:diorite":1,"minecraft:spruce_stairs":4,"minecraft:sweet_berry_bush":19,"minecraft:spruce_log":22,"minecraft:coal_ore":106,"minecraft:dripstone_block":22,"minecraft:cobweb":15,"minecraft:cracked_stone_bricks":16,"minecraft:stone_bricks":14,"minecraft:mossy_stone_bricks":6,"minecraft:fern":1},"minecraft:crafted":{"immersive_armors:warrior_boots":1,"minecraft:oak_planks":196,"immersive_armors:warrior_helmet":1,"minecraft:chain":4,"spartanshields:wooden_tower_shield":2,"spartanshields:iron_basic_shield":1,"minecraft:glass":10,"minecraft:bow":1,"minecraft:chest":14,"minecraft:stone_hoe":1,"iceandfire:silver_axe":1,"minecraft:glass_bottle":3,"irons_spellbooks:scroll":5,"minecraft:emerald":171,"irons_spellbooks:copper_spell_book":2,"minecraft:crafting_table":16,"minecraft:spruce_planks":76,"minecraft:iron_helmet":1,"spartanshields:iron_tower_shield":1,"minecraft:wooden_pickaxe":1,"minecraft:baked_potato":31,"irons_spellbooks:furled_map":1,"minecraft:copper_ingot":2,"minecraft:birch_planks":44,"minecraft:iron_chestplate":1,"minecraft:paper":9,"irons_spellbooks:pumpkin_chestplate":1,"minecraft:charcoal":1,"toughasnails:water_purifier":1,"immersive_armors:warrior_leggings":1,"minecraft:stick":244,"minecraft:iron_ingot":38,"minecraft:iron_pickaxe":2,"minecraft:stone_sword":1,"spartanshields:wooden_basic_shield":1,"irons_spellbooks:magic_cloth":4,"iceandfire:silver_sword":1,"toughasnails:empty_canteen":2,"minecraft:wooden_sword":1,"minecraft:raw_iron":27,"minecraft:coal":18,"minecraft:fishing_rod":1,"minecraft:iron_nugget":9,"minecraft:furnace":11,"minecraft:oak_trapdoor":8,"minecraft:iron_axe":1,"minecraft:stone_pickaxe":1,"iceandfire:chain":1,"minecraft:wheat":207,"iceandfire:silver_ingot":16,"minecraft:spruce_sign":3,"minecraft:bucket":3,"minecraft:stone_axe":1,"minecraft:bread":83,"minecraft:air":0,"minecraft:torch":276,"iceandfire:silver_pickaxe":3}},"DataVersion":3465}