{"stats":{"minecraft:custom":{"minecraft:interact_with_crafting_table":105,"minecraft:open_barrel":213,"minecraft:leave_game":14,"minecraft:time_since_death":5755,"minecraft:damage_blocked_by_shield":5044,"minecraft:play_time":785308,"minecraft:deaths":119,"minecraft:jump":14803,"minecraft:interact_with_furnace":104,"minecraft:traded_with_villager":6,"minecraft:sleep_in_bed":25,"minecraft:damage_dealt":40890,"minecraft:interact_with_smoker":1,"minecraft:horse_one_cm":4214058,"minecraft:interact_with_anvil":3,"minecraft:sneak_time":10403,"minecraft:interact_with_lectern":5,"minecraft:total_world_time":785308,"minecraft:time_since_rest":5781,"minecraft:swim_one_cm":135979,"minecraft:fly_one_cm":2929129,"minecraft:open_chest":680,"minecraft:fish_caught":1,"minecraft:fall_one_cm":480976,"minecraft:sprint_one_cm":2249747,"minecraft:drop":197,"minecraft:talked_to_villager":12,"minecraft:interact_with_brewingstand":1,"minecraft:walk_on_water_one_cm":112490,"minecraft:player_kills":7,"minecraft:crouch_one_cm":25627,"minecraft:mob_kills":332,"minecraft:damage_dealt_resisted":1733,"minecraft:climb_one_cm":132787,"minecraft:walk_one_cm":1863316,"minecraft:walk_under_water_one_cm":43978,"minecraft:damage_taken":40730,"minecraft:damage_absorbed":357,"minecraft:trigger_trapped_chest":1},"minecraft:killed":{"illagerinvasion:archivist":4,"minecraft:cave_spider":16,"born_in_chaos_v1:zombie_lumberjack":2,"born_in_chaos_v1:restless_spirit":4,"born_in_chaos_v1:skeleton_demoman":2,"enemyexpansion:equestrian":5,"born_in_chaos_v1:siamese_skeletonsright":1,"illagerinvasion:basher":2,"minecraft:skeleton":17,"creeperoverhaul:cave_creeper":2,"alexsmobs:centipede_head":1,"irons_spellbooks:archevoker":1,"illagerinvasion:necromancer":1,"minecraft:salmon":1,"enemyexpansion:tarantula":1,"rats:rat":3,"minecraft:pillager":23,"enemyexpansion:meature":2,"minecraft:zombie":45,"born_in_chaos_v1:corpse_fly":34,"enemyexpansion:botfly":7,"born_in_chaos_v1:door_knight":3,"minecraft:cow":4,"minecraft:evoker":1,"alexsmobs:raccoon":3,"minecraft:vindicator":5,"illagerinvasion:marauder":2,"born_in_chaos_v1:skeleton_thrasher_not_despawn":1,"born_in_chaos_v1:barrel_zombie":1,"born_in_chaos_v1:spiritof_chaos":1,"enemyexpansion:sprinter":7,"born_in_chaos_v1:decrepit_skeleton":10,"born_in_chaos_v1:bloody_gadfly":1,"iceandfire:ghost":1,"born_in_chaos_v1:zombie_clown":1,"minecraft:spider":11,"illagerinvasion:provoker":3,"irons_spellbooks:summoned_skeleton":1,"minecraft:pig":5,"minecraft:zombie_villager":7,"born_in_chaos_v1:diamond_termite":3,"irons_spellbooks:necromancer":2,"illagerinvasion:alchemist":2,"minecraft:creeper":4,"minecraft:sheep":5,"born_in_chaos_v1:zombie_fisherman":1,"born_in_chaos_v1:dread_hound":3,"minecraft:stray":2,"born_in_chaos_v1:siamese_skeletonsleft":1,"irons_spellbooks:summoned_zombie":4,"enemyexpansion:direwolf":7,"born_in_chaos_v1:maggot":23,"alexsmobs:blue_jay":2,"born_in_chaos_v1:corpse_fish":4,"born_in_chaos_v1:baby_skeleton":6,"born_in_chaos_v1:swarmer":1,"enemyexpansion:huntsman":1,"alexsmobs:crow":3,"enemyexpansion:slugger":1},"minecraft:picked_up":{"minecraft:seagrass":5,"minecraft:iron_chestplate":12,"minecraft:chainmail_boots":25,"minecraft:anvil":2,"minecraft:magenta_carpet":1,"minecraft:wither_rose":2,"minecraft:enchanted_book":31,"minecraft:brewing_stand":2,"minecraft:golden_sword":8,"minecraft:amethyst_block":120,"minecraft:dark_oak_trapdoor":5,"minecraft:string":102,"iceandfire:manuscript":10,"illagerinvasion:platinum_infused_hatchet":1,"minecraft:cobbled_deepslate":179,"minecraft:gold_nugget":641,"bosses_of_mass_destruction:soul_star":1,"minecraft:spruce_planks":34,"irons_spellbooks:blank_rune":2,"minecraft:coal_block":2,"born_in_chaos_v1:shattered_skull":11,"minecraft:golden_axe":10,"minecraft:cherry_log":3,"minecraft:golden_chestplate":24,"minecraft:stone_sword":4,"iceandfire:fire_dragon_heart":1,"minecraft:birch_log":14,"minecraft:cooked_beef":7,"minecraft:feather":1,"minecraft:magma_block":1,"minecraft:water_bucket":26,"spartanshields:iron_basic_shield":11,"minecraft:brown_wool":2,"minecraft:flint":1,"minecraft:stripped_spruce_wood":7,"minecraft:gray_concrete":1,"minecraft:lantern":2,"born_in_chaos_v1:marigolds":15,"irons_spellbooks:pedestal":2,"minecraft:diamond_helmet":1,"spartanshields:iron_tower_shield":13,"iceandfire:dragon_skull_fire":1,"minecraft:ink_sac":1,"immersive_armors:divine_boots":1,"minecraft:dark_oak_log":71,"alexsmobs:animal_dictionary":10,"minecraft:barrel":5,"minecraft:polished_andesite":1,"toughasnails:water_canteen":31,"toughasnails:water_purifier":1,"minecraft:granite":5,"minecraft:chainmail_helmet":20,"minecraft:bread":355,"alexsmobs:maggot":1,"born_in_chaos_v1:rotten_fish":6,"iceandfire:raw_silver":28,"minecraft:diamond_pickaxe":2,"minecraft:crafting_table":9,"minecraft:leather_leggings":4,"immersive_armors:wither_helmet":9,"minecraft:cornflower":4,"minecraft:red_bed":5,"minecraft:white_carpet":1,"born_in_chaos_v1:intoxicating_decoction":1,"minecraft:iron_shovel":14,"iceandfire:graveyard_soil":4,"minecraft:cracked_stone_bricks":17,"minecraft:beef":6,"minecraft:poppy":13,"minecraft:iron_nugget":16,"minecraft:spruce_slab":2,"minecraft:chest":32,"minecraft:egg":1,"minecraft:stone":2,"minecraft:raw_gold_block":1,"minecraft:spruce_fence":1,"minecraft:fire_charge":16,"born_in_chaos_v1:pieceofdarkmetal":1,"minecraft:carrot":149,"irons_spellbooks:evocation_rune":2,"minecraft:diamond_chestplate":3,"minecraft:decorated_pot":1,"minecraft:hay_block":224,"rats:cooked_rat":1,"minecraft:gold_ingot":98,"minecraft:totem_of_undying":1,"minecraft:mutton":13,"minecraft:glow_berries":17,"minecraft:white_wool":7,"minecraft:rail":36,"minecraft:oxeye_daisy":7,"minecraft:stripped_oak_log":17,"born_in_chaos_v1:monster_flesh":3,"minecraft:oak_log":70,"toughasnails:purified_water_bottle":1,"rats:rat_pelt":1,"minecraft:paper":24,"minecraft:white_banner":5,"minecraft:stone_bricks":21,"minecraft:apple":100,"born_in_chaos_v1:smoked_flesh":32,"minecraft:cobweb":64,"minecraft:glass_bottle":8,"minecraft:gray_bed":1,"minecraft:iron_sword":59,"minecraft:dark_oak_stairs":2,"minecraft:smooth_basalt":2,"minecraft:dark_oak_slab":2,"minecraft:sweet_berries":159,"born_in_chaos_v1:ethereal_spirit":9,"minecraft:gravel":10,"minecraft:spruce_sapling":11,"minecraft:spruce_log":65,"minecraft:leather_helmet":4,"irons_spellbooks:poisonward_ring":9,"minecraft:oak_wood":1,"minecraft:stone_axe":10,"iceandfire:silver_sword":8,"minecraft:diamond_axe":10,"minecraft:gray_wool":2,"minecraft:baked_potato":122,"irons_spellbooks:scroll":61,"minecraft:wheat":322,"illagerinvasion:platinum_chunk":27,"minecraft:sentry_armor_trim_smithing_template":42,"minecraft:potion":5,"minecraft:raw_copper":16,"irons_spellbooks:heavy_chain_necklace":6,"minecraft:iron_leggings":16,"minecraft:experience_bottle":34,"minecraft:oak_sign":2,"irons_spellbooks:fire_ale":1,"irons_spellbooks:arcane_essence":324,"minecraft:deepslate_tiles":1,"minecraft:bucket":15,"minecraft:rose_bush":1,"minecraft:calcite":2,"minecraft:iron_pickaxe":26,"irons_spellbooks:inscription_table":7,"iceandfire:dragonscales_red":31,"minecraft:iron_boots":5,"minecraft:furnace":12,"minecraft:tipped_arrow":22,"minecraft:stick":334,"iceandfire:ghost_chest":1,"minecraft:oak_fence":4,"minecraft:torch":1159,"minecraft:spruce_stairs":4,"minecraft:pointed_dripstone":196,"minecraft:diorite":1,"enemyexpansion:meathead_helmet":2,"minecraft:goat_horn":2,"minecraft:rotten_flesh":487,"irons_spellbooks:cooldown_ring":9,"irons_spellbooks:copper_spell_book":45,"minecraft:cobblestone":1849,"minecraft:nautilus_shell":2,"minecraft:leather_chestplate":1,"minecraft:andesite":148,"minecraft:black_bed":2,"minecraft:golden_leggings":3,"minecraft:potato":341,"minecraft:dirt":717,"rats:raw_rat":3,"minecraft:lapis_lazuli":12,"minecraft:name_tag":6,"born_in_chaos_v1:monster_skin":2,"minecraft:leather_boots":3,"minecraft:bone":302,"minecraft:bow":26,"minecraft:wheat_seeds":157,"minecraft:raw_gold":17,"minecraft:mossy_stone_bricks":6,"minecraft:oak_planks":269,"minecraft:stone_hoe":2,"toughasnails:purified_water_canteen":2,"irons_spellbooks:fireward_ring":6,"irons_spellbooks:frozen_bone":40,"minecraft:cooked_porkchop":12,"minecraft:poisonous_potato":1,"minecraft:sand":32,"immersive_armors:warrior_helmet":6,"minecraft:yellow_carpet":1,"minecraft:diamond":37,"irons_spellbooks:divine_pearl":6,"minecraft:polished_blackstone_button":1,"minecraft:crossbow":3,"minecraft:bone_meal":2,"minecraft:golden_apple":8,"minecraft:spruce_sign":1,"minecraft:emerald":844,"minecraft:oak_sapling":43,"irons_spellbooks:uncommon_ink":2,"minecraft:charcoal":24,"born_in_chaos_v1:diamond_termite_shard":4,"minecraft:azure_bluet":4,"minecraft:ladder":169,"born_in_chaos_v1:river_mint":30,"minecraft:chest_minecart":2,"minecraft:gold_block":11,"minecraft:chain":14,"minecraft:shield":11,"immersive_armors:warrior_boots":13,"minecraft:oak_trapdoor":2,"minecraft:iron_axe":33,"spartanshields:stone_tower_shield":1,"irons_spellbooks:epic_ink":1,"minecraft:sugar_cane":22,"minecraft:spruce_trapdoor":3,"illagerinvasion:lost_candle":3,"minecraft:raw_iron":131,"iceandfire:dragonbone":24,"minecraft:copper_ingot":30,"minecraft:bowl":1,"spartanshields:stone_basic_shield":2,"minecraft:dark_oak_planks":227,"toughasnails:empty_canteen":3,"minecraft:weeping_vines":11,"minecraft:arrow":268,"minecraft:saddle":7,"minecraft:skeleton_skull":2,"born_in_chaos_v1:fused_bone":1,"iceandfire:silver_axe":22,"born_in_chaos_v1:corpse_maggot":207,"minecraft:glow_ink_sac":2,"minecraft:salmon":4,"minecraft:leather":39,"minecraft:birch_planks":11,"minecraft:chainmail_chestplate":16,"iceandfire:ectoplasm":1,"minecraft:yellow_bed":2,"minecraft:gunpowder":51,"minecraft:cobblestone_stairs":6,"minecraft:cooked_mutton":6,"irons_spellbooks:common_ink":22,"minecraft:red_carpet":49,"immersive_armors:warrior_leggings":12,"minecraft:gray_carpet":3,"minecraft:iron_ingot":128,"irons_spellbooks:pumpkin_chestplate":9,"iceandfire:fire_dragon_flesh":14,"minecraft:book":33,"minecraft:emerald_block":25,"minecraft:chiseled_stone_bricks":1,"minecraft:dandelion":33,"minecraft:raw_iron_block":3,"minecraft:dripstone_block":25,"spartanshields:wooden_tower_shield":2,"minecraft:white_bed":9,"minecraft:spider_eye":40,"iceandfire:silver_pickaxe":29,"minecraft:campfire":8,"minecraft:chainmail_leggings":16,"minecraft:iron_helmet":9,"minecraft:coal":285},"minecraft:used":{"irons_spellbooks:inscription_table":3,"minecraft:writable_book":1,"minecraft:spruce_slab":1,"minecraft:poppy":1,"minecraft:ladder":42,"minecraft:chest":40,"minecraft:stone":1,"minecraft:rotten_flesh":10,"minecraft:azure_bluet":1,"spartanshields:wooden_tower_shield":3,"iceandfire:ghost_chest":1,"minecraft:sweet_berries":99,"minecraft:furnace":11,"minecraft:oak_sapling":14,"minecraft:egg":1,"minecraft:potato":117,"minecraft:mossy_stone_bricks":6,"minecraft:diorite":1,"minecraft:wooden_pickaxe":4,"minecraft:golden_apple":8,"minecraft:sand":3,"illagerinvasion:lost_candle":5,"minecraft:gray_concrete":1,"minecraft:deepslate_tiles":1,"iceandfire:silver_pickaxe":835,"born_in_chaos_v1:monster_flesh":1,"minecraft:wooden_sword":3,"minecraft:oak_trapdoor":8,"minecraft:stone_sword":100,"iceandfire:silver_sword":79,"toughasnails:water_purifier":2,"minecraft:torch":284,"minecraft:chainmail_chestplate":3,"immersive_armors:warrior_helmet":1,"minecraft:iron_axe":87,"minecraft:totem_of_undying":1,"minecraft:smooth_basalt":1,"minecraft:goat_horn":1,"minecraft:cobbled_deepslate":29,"minecraft:cherry_log":3,"minecraft:pointed_dripstone":20,"minecraft:calcite":1,"minecraft:wheat_seeds":13,"minecraft:water_bucket":142,"minecraft:cracked_stone_bricks":7,"minecraft:rail":3,"minecraft:crafting_table":24,"minecraft:red_bed":4,"minecraft:white_bed":8,"minecraft:spruce_log":11,"minecraft:oak_log":19,"minecraft:iron_pickaxe":368,"minecraft:spruce_trapdoor":3,"minecraft:spruce_sapling":1,"minecraft:chiseled_stone_bricks":1,"minecraft:cobblestone":264,"minecraft:potion":87,"minecraft:cooked_porkchop":8,"toughasnails:purified_water_canteen":5,"minecraft:stripped_oak_log":1,"minecraft:dandelion":1,"minecraft:iron_shovel":165,"irons_spellbooks:pumpkin_chestplate":1,"minecraft:oak_sign":1,"minecraft:iron_sword":522,"minecraft:iron_chestplate":2,"minecraft:carrot":42,"minecraft:obsidian":1,"minecraft:lantern":2,"minecraft:iron_helmet":2,"minecraft:stone_bricks":10,"minecraft:golden_sword":5,"minecraft:red_carpet":10,"minecraft:magma_block":1,"spartanshields:iron_basic_shield":70,"rats:cooked_rat":1,"minecraft:hay_block":20,"minecraft:written_book":1,"minecraft:gray_bed":1,"minecraft:stripped_spruce_wood":5,"minecraft:stone_pickaxe":23,"minecraft:oak_planks":38,"minecraft:chainmail_helmet":2,"minecraft:diamond_axe":77,"minecraft:sugar_cane":8,"toughasnails:water_canteen":367,"minecraft:white_wool":1,"minecraft:mushroom_stew":2,"minecraft:dripstone_block":15,"iceandfire:silver_axe":169,"minecraft:black_bed":1,"minecraft:dark_oak_log":2,"minecraft:bread":116,"minecraft:string":4,"minecraft:gravel":6,"minecraft:chainmail_boots":3,"born_in_chaos_v1:river_mint":3,"minecraft:andesite":3,"minecraft:chest_minecart":1,"minecraft:bone_meal":15,"minecraft:experience_bottle":21,"minecraft:cobweb":4,"minecraft:rose_bush":1,"immersive_armors:warrior_leggings":4,"minecraft:spruce_planks":15,"minecraft:dirt":88,"minecraft:white_carpet":1,"toughasnails:empty_canteen":49,"minecraft:spruce_stairs":1,"immersive_armors:warrior_boots":2,"minecraft:oak_wood":1,"minecraft:golden_chestplate":1,"minecraft:spruce_fence":1,"minecraft:dark_oak_planks":110,"alexsmobs:maggot":1,"immersive_armors:wither_helmet":1,"minecraft:cooked_beef":7,"irons_spellbooks:pedestal":2,"minecraft:iron_leggings":2,"minecraft:cooked_mutton":6,"iceandfire:fire_dragon_flesh":1,"minecraft:cobblestone_stairs":2,"minecraft:glass_bottle":85,"minecraft:polished_andesite":1,"minecraft:baked_potato":22,"minecraft:spruce_sign":1,"spartanshields:iron_tower_shield":36,"minecraft:magenta_carpet":1,"minecraft:apple":29,"minecraft:stone_axe":101,"minecraft:fishing_rod":5,"toughasnails:purified_water_bottle":1,"minecraft:white_banner":1,"minecraft:bucket":145,"minecraft:yellow_bed":2,"alexsmobs:animal_dictionary":2,"minecraft:chainmail_leggings":4},"minecraft:dropped":{"minecraft:iron_sword":5,"minecraft:glass_bottle":3,"immersive_armors:warrior_helmet":1,"minecraft:crossbow":1,"minecraft:black_bed":1,"iceandfire:ectoplasm":1,"minecraft:cracked_stone_bricks":8,"minecraft:rail":9,"minecraft:emerald":5,"minecraft:dirt":17,"minecraft:chain":1,"minecraft:iron_pickaxe":3,"minecraft:dark_oak_planks":70,"minecraft:bone":3,"minecraft:sugar_cane":3,"minecraft:cobbled_deepslate":26,"minecraft:rotten_flesh":17,"minecraft:oak_planks":79,"enemyexpansion:meathead_helmet":1,"minecraft:leather_boots":1,"minecraft:ladder":5,"irons_spellbooks:poisonward_ring":1,"minecraft:iron_ingot":17,"toughasnails:water_canteen":2,"minecraft:wheat_seeds":21,"minecraft:oak_fence":2,"minecraft:cobblestone":29,"minecraft:book":1,"minecraft:granite":1,"minecraft:chainmail_helmet":3,"minecraft:yellow_carpet":1,"minecraft:coal":3,"minecraft:ink_sac":1,"minecraft:white_banner":3,"minecraft:iron_shovel":1,"minecraft:string":18,"iceandfire:dragon_skull_fire":1,"minecraft:spruce_sapling":1,"irons_spellbooks:copper_spell_book":2,"minecraft:bowl":2,"born_in_chaos_v1:rotten_fish":3,"minecraft:iron_boots":1,"minecraft:pumpkin_seeds":1,"minecraft:potato":1,"minecraft:hay_block":24,"minecraft:spruce_planks":8,"minecraft:diamond_pickaxe":1,"minecraft:stone_bricks":7,"minecraft:spider_eye":9,"minecraft:bow":2,"minecraft:birch_planks":6,"iceandfire:silver_axe":2,"iceandfire:fire_dragon_flesh":2,"iceandfire:graveyard_soil":4,"minecraft:dark_oak_log":21,"born_in_chaos_v1:monster_skin":1,"minecraft:cornflower":1,"minecraft:seagrass":5,"iceandfire:dragonscales_red":7,"minecraft:birch_log":3,"minecraft:gold_ingot":2,"spartanshields:stone_basic_shield":1,"minecraft:pointed_dripstone":2,"minecraft:carrot":3,"minecraft:poppy":10,"minecraft:gunpowder":10,"born_in_chaos_v1:corpse_maggot":2,"minecraft:chest":3,"minecraft:chainmail_boots":1,"minecraft:arrow":82,"iceandfire:silver_pickaxe":1,"minecraft:bread":14,"illagerinvasion:platinum_infused_hatchet":1,"minecraft:stick":29,"irons_spellbooks:scroll":6,"illagerinvasion:platinum_chunk":3,"born_in_chaos_v1:fused_bone":1,"toughasnails:purified_water_canteen":2,"minecraft:wither_rose":1,"minecraft:iron_axe":5,"rats:raw_rat":1,"minecraft:bucket":2,"iceandfire:dragonbone":6,"minecraft:iron_chestplate":1,"minecraft:andesite":2,"iceandfire:fire_dragon_heart":1,"minecraft:stone_pickaxe":1,"minecraft:raw_gold":2,"minecraft:nautilus_shell":1},"minecraft:broken":{"immersive_armors:warrior_helmet":1,"toughasnails:water_canteen":45,"minecraft:iron_pickaxe":1,"toughasnails:purified_water_canteen":1,"iceandfire:silver_pickaxe":1,"immersive_armors:warrior_boots":1},"minecraft:killed_by":{"minecraft:zombie_villager":2,"minecraft:pillager":25,"enemyexpansion:slugger":1,"enemyexpansion:huntsman":2,"minecraft:vindicator":5,"minecraft:zombie":3,"enemyexpansion:invisicreeper":1,"minecraft:vex":3,"minecraft:stray":1,"born_in_chaos_v1:dread_hound":1,"born_in_chaos_v1:maggot":1,"minecraft:cave_spider":16,"iceandfire:fire_dragon":1,"minecraft:player":5,"minecraft:spider":3,"enemyexpansion:equestrian":1,"irons_spellbooks:necromancer":1,"minecraft:skeleton":4,"born_in_chaos_v1:corpse_fish":1,"irons_spellbooks:archevoker":23,"born_in_chaos_v1:door_knight":1},"minecraft:mined":{"minecraft:dark_oak_planks":7,"minecraft:white_bed":6,"minecraft:cherry_log":1,"minecraft:granite":3,"minecraft:deepslate_bricks":2,"minecraft:coal_block":2,"minecraft:oak_wall_sign":2,"minecraft:chiseled_stone_bricks":1,"minecraft:spawner":9,"minecraft:dark_oak_trapdoor":1,"minecraft:fire":150,"minecraft:barrel":5,"minecraft:sculk_shrieker":1,"iceandfire:gold_pile":76,"minecraft:small_amethyst_bud":1,"minecraft:tripwire":2,"irons_spellbooks:pedestal":2,"minecraft:red_bed":4,"born_in_chaos_v1:infected_deepslate_diamond_ore":1,"minecraft:torch":3,"minecraft:sugar_cane":12,"minecraft:amethyst_block":40,"minecraft:chain":3,"minecraft:wheat":19,"minecraft:black_bed":3,"minecraft:grass":130,"minecraft:smooth_basalt":1,"minecraft:deepslate":135,"minecraft:deepslate_tiles":1,"iceandfire:silver_ore":24,"minecraft:dark_oak_log":2,"minecraft:spruce_fence":1,"minecraft:andesite":18,"minecraft:potatoes":181,"minecraft:vine":23,"minecraft:rail":1,"irons_spellbooks:inscription_table":4,"minecraft:gray_concrete":1,"toughasnails:water_purifier":1,"minecraft:dandelion":5,"minecraft:campfire":2,"minecraft:tall_grass":52,"minecraft:copper_ore":6,"minecraft:deepslate_gold_ore":6,"minecraft:diorite":1,"minecraft:stripped_spruce_wood":6,"minecraft:spruce_log":22,"minecraft:dripstone_block":22,"minecraft:cobweb":16,"minecraft:stone_bricks":15,"minecraft:fern":1,"minecraft:large_amethyst_bud":1,"minecraft:spruce_planks":20,"minecraft:oak_sapling":2,"minecraft:cobblestone_stairs":6,"minecraft:brewing_stand":1,"minecraft:spruce_trapdoor":3,"minecraft:budding_amethyst":2,"minecraft:grass_block":195,"minecraft:raw_iron_block":3,"minecraft:iron_ore":50,"minecraft:anvil":1,"minecraft:azure_bluet":1,"minecraft:dark_oak_stairs":2,"minecraft:pointed_dripstone":85,"minecraft:spruce_slab":4,"minecraft:blackstone":2,"minecraft:calcite":1,"minecraft:poppy":1,"iceandfire:ghost_chest":1,"minecraft:chest":29,"minecraft:cobblestone":83,"minecraft:oak_planks":34,"minecraft:wall_torch":1,"minecraft:seagrass":2,"minecraft:dark_oak_slab":1,"minecraft:birch_log":11,"born_in_chaos_v1:river_mint":5,"minecraft:oak_log":66,"minecraft:sand":14,"minecraft:dirt":86,"minecraft:oak_leaves":70,"minecraft:emerald_block":7,"minecraft:deepslate_diamond_ore":1,"born_in_chaos_v1:infected_diamond_ore":3,"minecraft:ladder":8,"minecraft:decorated_pot":1,"minecraft:weeping_vines":1,"minecraft:spruce_leaves":5,"minecraft:large_fern":5,"minecraft:hay_block":23,"minecraft:oak_trapdoor":2,"minecraft:furnace":12,"minecraft:carrots":67,"minecraft:raw_gold_block":1,"minecraft:gold_block":1,"minecraft:deepslate_iron_ore":15,"minecraft:lantern":1,"minecraft:stripped_oak_log":15,"minecraft:stone":420,"born_in_chaos_v1:marigolds":1,"minecraft:basalt":1,"minecraft:oak_fence":1,"minecraft:crafting_table":5,"minecraft:blackstone_slab":5,"minecraft:spruce_stairs":4,"minecraft:gray_wool":2,"minecraft:sweet_berry_bush":19,"minecraft:gray_bed":1,"minecraft:yellow_bed":2,"minecraft:coal_ore":106,"minecraft:cracked_stone_bricks":16,"minecraft:polished_andesite":1,"minecraft:mossy_stone_bricks":6},"minecraft:crafted":{"immersive_armors:warrior_boots":1,"immersive_armors:warrior_helmet":1,"spartanshields:wooden_tower_shield":2,"minecraft:chain":4,"minecraft:glass":10,"iceandfire:silver_axe":1,"minecraft:glass_bottle":3,"irons_spellbooks:scroll":5,"minecraft:emerald":171,"irons_spellbooks:copper_spell_book":2,"minecraft:copper_ingot":2,"irons_spellbooks:pumpkin_chestplate":1,"immersive_armors:warrior_leggings":1,"minecraft:iron_pickaxe":3,"minecraft:gold_ingot":72,"spartanshields:wooden_basic_shield":1,"iceandfire:silver_sword":1,"minecraft:iron_nugget":9,"minecraft:bone_meal":36,"minecraft:ladder":102,"minecraft:stone_pickaxe":1,"minecraft:dark_oak_planks":260,"iceandfire:chain":1,"minecraft:wheat":207,"minecraft:iron_shovel":1,"iceandfire:silver_pickaxe":3,"minecraft:oak_planks":196,"spartanshields:iron_basic_shield":1,"minecraft:bow":1,"minecraft:chest":15,"minecraft:stone_hoe":1,"minecraft:crafting_table":19,"minecraft:spruce_planks":76,"minecraft:baked_potato":31,"minecraft:wooden_pickaxe":1,"spartanshields:iron_tower_shield":1,"minecraft:iron_helmet":1,"irons_spellbooks:furled_map":1,"minecraft:birch_planks":44,"minecraft:iron_chestplate":1,"minecraft:paper":9,"minecraft:charcoal":1,"toughasnails:water_purifier":1,"minecraft:stick":511,"minecraft:iron_ingot":38,"minecraft:stone_sword":1,"irons_spellbooks:magic_cloth":4,"toughasnails:empty_canteen":2,"minecraft:wooden_sword":1,"minecraft:raw_iron":27,"minecraft:coal":18,"minecraft:fishing_rod":1,"minecraft:furnace":11,"minecraft:oak_trapdoor":8,"minecraft:iron_axe":1,"iceandfire:silver_ingot":16,"minecraft:spruce_sign":3,"minecraft:bucket":3,"minecraft:stone_axe":1,"minecraft:bread":83,"minecraft:air":0,"minecraft:torch":276}},"DataVersion":3465}