{"stats":{"minecraft:picked_up":{"irons_spellbooks:scroll":3,"minecraft:crafting_table":2,"minecraft:wheat":87,"minecraft:chainmail_boots":1,"illagerinvasion:platinum_chunk":5,"minecraft:potion":1,"minecraft:enchanted_book":3,"minecraft:chain":1,"minecraft:brewing_stand":1,"minecraft:string":5,"minecraft:raw_copper":16,"minecraft:iron_leggings":4,"minecraft:experience_bottle":25,"minecraft:iron_shovel":3,"minecraft:oak_sign":2,"irons_spellbooks:arcane_essence":33,"minecraft:spruce_planks":6,"minecraft:iron_nugget":2,"minecraft:iron_pickaxe":4,"minecraft:chest":4,"irons_spellbooks:inscription_table":5,"minecraft:spruce_trapdoor":2,"minecraft:iron_boots":2,"minecraft:stick":78,"minecraft:raw_iron":37,"minecraft:torch":149,"minecraft:cherry_log":2,"minecraft:pointed_dripstone":75,"minecraft:diorite":1,"minecraft:stone_sword":4,"minecraft:arrow":14,"minecraft:rotten_flesh":22,"minecraft:decorated_pot":1,"minecraft:hay_block":69,"minecraft:cobblestone":143,"irons_spellbooks:copper_spell_book":4,"born_in_chaos_v1:corpse_maggot":3,"minecraft:magma_block":1,"minecraft:andesite":3,"minecraft:water_bucket":3,"minecraft:salmon":4,"spartanshields:iron_basic_shield":2,"minecraft:leather":4,"minecraft:oak_log":17,"minecraft:chainmail_chestplate":3,"toughasnails:purified_water_bottle":1,"minecraft:gunpowder":4,"minecraft:cobblestone_stairs":6,"rats:raw_rat":1,"minecraft:dirt":43,"minecraft:paper":18,"born_in_chaos_v1:marigolds":7,"irons_spellbooks:common_ink":21,"minecraft:bone":21,"minecraft:wheat_seeds":3,"minecraft:iron_ingot":10,"minecraft:cobweb":4,"minecraft:glass_bottle":4,"minecraft:oak_planks":114,"born_in_chaos_v1:ethereal_spirit":3,"minecraft:raw_iron_block":1,"minecraft:dripstone_block":15,"spartanshields:wooden_tower_shield":2,"minecraft:sand":14,"minecraft:spruce_log":30,"minecraft:spider_eye":1,"alexsmobs:animal_dictionary":10,"iceandfire:silver_pickaxe":3,"minecraft:oak_wood":1,"minecraft:diamond":3,"minecraft:stone_axe":10,"irons_spellbooks:divine_pearl":6,"minecraft:granite":2,"minecraft:bone_meal":1,"minecraft:spruce_sign":1,"minecraft:emerald":21,"minecraft:bread":83,"minecraft:oak_sapling":19,"born_in_chaos_v1:rotten_fish":1,"irons_spellbooks:uncommon_ink":2,"minecraft:coal":74,"iceandfire:raw_silver":12},"minecraft:killed":{"irons_spellbooks:summoned_zombie":1,"born_in_chaos_v1:zombie_lumberjack":1,"born_in_chaos_v1:restless_spirit":1,"born_in_chaos_v1:skeleton_demoman":1,"minecraft:spider":1,"minecraft:vindicator":1,"enemyexpansion:direwolf":1,"born_in_chaos_v1:maggot":7,"minecraft:skeleton":6,"born_in_chaos_v1:corpse_fish":2,"born_in_chaos_v1:spiritof_chaos":1,"born_in_chaos_v1:baby_skeleton":3,"enemyexpansion:tarantula":1,"irons_spellbooks:necromancer":1,"minecraft:creeper":1,"rats:rat":1,"born_in_chaos_v1:decrepit_skeleton":1,"minecraft:pillager":4,"minecraft:zombie":12,"born_in_chaos_v1:door_knight":1},"minecraft:used":{"irons_spellbooks:inscription_table":2,"iceandfire:silver_sword":8,"minecraft:stone_sword":100,"toughasnails:water_purifier":1,"minecraft:oak_sign":1,"minecraft:chest":3,"minecraft:torch":99,"minecraft:dirt":1,"minecraft:chainmail_chestplate":1,"minecraft:oak_wood":1,"spartanshields:wooden_tower_shield":3,"minecraft:iron_axe":7,"minecraft:magma_block":1,"spartanshields:iron_basic_shield":27,"minecraft:hay_block":1,"minecraft:oak_sapling":6,"minecraft:furnace":3,"minecraft:cherry_log":2,"minecraft:iron_leggings":1,"minecraft:water_bucket":10,"minecraft:diorite":1,"minecraft:cobblestone_stairs":2,"minecraft:glass_bottle":77,"minecraft:oak_planks":21,"minecraft:wooden_pickaxe":4,"minecraft:sand":3,"minecraft:crafting_table":7,"minecraft:dripstone_block":14,"minecraft:spruce_log":8,"iceandfire:silver_pickaxe":180,"minecraft:bread":38,"minecraft:iron_pickaxe":96,"minecraft:spruce_trapdoor":2,"minecraft:stone_axe":101,"minecraft:fishing_rod":5,"minecraft:wooden_sword":3,"minecraft:cobblestone":10,"minecraft:potion":77,"toughasnails:purified_water_bottle":1,"minecraft:bucket":11,"alexsmobs:animal_dictionary":2,"minecraft:cobweb":3,"minecraft:experience_bottle":8},"minecraft:crafted":{"minecraft:wooden_sword":1,"minecraft:oak_planks":32,"minecraft:raw_iron":9,"minecraft:fishing_rod":1,"spartanshields:wooden_tower_shield":1,"minecraft:furnace":3,"spartanshields:iron_basic_shield":1,"minecraft:glass":10,"minecraft:iron_axe":1,"minecraft:chest":1,"minecraft:wheat":126,"minecraft:glass_bottle":3,"irons_spellbooks:copper_spell_book":1,"iceandfire:silver_ingot":12,"minecraft:crafting_table":5,"minecraft:spruce_planks":16,"minecraft:wooden_pickaxe":1,"minecraft:iron_helmet":1,"minecraft:copper_ingot":2,"minecraft:bucket":1,"minecraft:stone_axe":1,"minecraft:bread":51,"minecraft:air":0,"minecraft:charcoal":1,"toughasnails:water_purifier":1,"minecraft:stick":60,"minecraft:iron_ingot":34,"minecraft:iron_pickaxe":1,"minecraft:stone_sword":1,"spartanshields:wooden_basic_shield":1,"minecraft:torch":152,"iceandfire:silver_pickaxe":1,"iceandfire:silver_sword":1},"minecraft:mined":{"minecraft:spruce_planks":6,"iceandfire:silver_ore":17,"minecraft:cobblestone_stairs":6,"minecraft:brewing_stand":1,"minecraft:spruce_trapdoor":2,"minecraft:granite":2,"minecraft:grass_block":9,"minecraft:decorated_pot":1,"minecraft:oak_wall_sign":2,"minecraft:hay_block":1,"minecraft:raw_iron_block":1,"minecraft:iron_ore":34,"minecraft:fire":60,"minecraft:andesite":4,"minecraft:pointed_dripstone":41,"irons_spellbooks:inscription_table":2,"minecraft:stone":93,"born_in_chaos_v1:marigolds":1,"minecraft:crafting_table":2,"minecraft:chest":3,"minecraft:tall_grass":7,"minecraft:copper_ore":6,"minecraft:cobblestone":10,"minecraft:oak_planks":13,"minecraft:diorite":1,"minecraft:seagrass":2,"minecraft:spruce_log":8,"minecraft:grass":15,"minecraft:oak_log":17,"minecraft:coal_ore":45,"minecraft:dripstone_block":16,"minecraft:sand":14,"minecraft:dirt":17,"minecraft:cobweb":3,"minecraft:oak_leaves":5},"minecraft:custom":{"minecraft:mob_kills":48,"minecraft:interact_with_anvil":3,"minecraft:interact_with_crafting_table":36,"minecraft:open_barrel":12,"minecraft:damage_dealt_resisted":270,"minecraft:leave_game":1,"minecraft:time_since_death":36944,"minecraft:climb_one_cm":11966,"minecraft:sprint_one_cm":405141,"minecraft:walk_one_cm":395171,"minecraft:damage_blocked_by_shield":1639,"minecraft:drop":3,"minecraft:talked_to_villager":6,"minecraft:play_time":139262,"minecraft:deaths":13,"minecraft:sneak_time":983,"minecraft:walk_under_water_one_cm":7941,"minecraft:jump":2617,"minecraft:walk_on_water_one_cm":20505,"minecraft:total_world_time":139262,"minecraft:interact_with_furnace":79,"minecraft:sleep_in_bed":7,"minecraft:time_since_rest":10782,"minecraft:damage_taken":5031,"minecraft:damage_dealt":9050,"minecraft:swim_one_cm":12294,"minecraft:fly_one_cm":476306,"minecraft:open_chest":71,"minecraft:crouch_one_cm":2757,"minecraft:fish_caught":1,"minecraft:fall_one_cm":82573},"minecraft:killed_by":{"enemyexpansion:huntsman":1,"minecraft:vindicator":3,"minecraft:skeleton":2,"minecraft:zombie":1,"irons_spellbooks:archevoker":1,"born_in_chaos_v1:door_knight":1,"minecraft:vex":1},"minecraft:dropped":{"minecraft:wheat_seeds":2,"minecraft:iron_shovel":1,"minecraft:spider_eye":1}},"DataVersion":3465}