{"stats":{"minecraft:picked_up":{"irons_spellbooks:scroll":3,"minecraft:crafting_table":5,"minecraft:wheat":141,"minecraft:chainmail_boots":4,"illagerinvasion:platinum_chunk":5,"minecraft:leather_leggings":2,"minecraft:potion":3,"minecraft:enchanted_book":3,"minecraft:chain":1,"minecraft:brewing_stand":1,"minecraft:string":5,"minecraft:raw_copper":16,"minecraft:iron_axe":3,"minecraft:iron_leggings":7,"minecraft:experience_bottle":25,"minecraft:iron_shovel":3,"minecraft:oak_sign":2,"irons_spellbooks:arcane_essence":33,"minecraft:deepslate_tiles":1,"minecraft:spruce_planks":13,"minecraft:iron_nugget":2,"minecraft:iron_pickaxe":7,"minecraft:chest":4,"irons_spellbooks:inscription_table":5,"minecraft:spruce_trapdoor":2,"minecraft:iron_boots":2,"minecraft:stick":78,"minecraft:raw_iron":37,"minecraft:torch":308,"minecraft:cherry_log":2,"minecraft:pointed_dripstone":75,"minecraft:diorite":1,"minecraft:stone_sword":4,"minecraft:arrow":14,"minecraft:rotten_flesh":28,"minecraft:decorated_pot":1,"minecraft:hay_block":75,"minecraft:gold_ingot":8,"minecraft:cobblestone":143,"irons_spellbooks:copper_spell_book":7,"born_in_chaos_v1:corpse_maggot":7,"minecraft:magma_block":1,"minecraft:andesite":3,"minecraft:water_bucket":6,"minecraft:salmon":4,"spartanshields:iron_basic_shield":5,"minecraft:leather":13,"minecraft:potato":4,"minecraft:oak_log":17,"minecraft:chainmail_chestplate":6,"toughasnails:purified_water_bottle":1,"minecraft:gunpowder":4,"minecraft:cobblestone_stairs":6,"rats:raw_rat":1,"minecraft:lapis_lazuli":11,"minecraft:dirt":50,"minecraft:paper":18,"born_in_chaos_v1:marigolds":7,"minecraft:leather_boots":2,"irons_spellbooks:common_ink":21,"minecraft:bone":21,"minecraft:bow":2,"minecraft:wheat_seeds":6,"minecraft:iron_ingot":14,"minecraft:cobweb":6,"minecraft:glass_bottle":5,"minecraft:iron_sword":8,"minecraft:oak_planks":114,"minecraft:book":2,"minecraft:emerald_block":14,"born_in_chaos_v1:ethereal_spirit":3,"minecraft:raw_iron_block":1,"minecraft:dripstone_block":15,"spartanshields:wooden_tower_shield":2,"minecraft:sand":14,"minecraft:spruce_log":36,"minecraft:spider_eye":1,"alexsmobs:animal_dictionary":10,"minecraft:leather_helmet":4,"iceandfire:silver_pickaxe":6,"minecraft:oak_wood":1,"toughasnails:water_canteen":2,"minecraft:diamond":3,"iceandfire:silver_sword":3,"minecraft:stone_axe":10,"irons_spellbooks:divine_pearl":6,"minecraft:iron_helmet":3,"minecraft:granite":2,"minecraft:bone_meal":1,"minecraft:chainmail_helmet":1,"minecraft:spruce_sign":1,"minecraft:emerald":45,"minecraft:bread":92,"minecraft:oak_sapling":19,"born_in_chaos_v1:rotten_fish":1,"irons_spellbooks:uncommon_ink":2,"minecraft:coal":77,"iceandfire:raw_silver":12},"minecraft:killed":{"irons_spellbooks:summoned_zombie":1,"born_in_chaos_v1:zombie_lumberjack":1,"born_in_chaos_v1:restless_spirit":1,"born_in_chaos_v1:skeleton_demoman":1,"minecraft:spider":1,"minecraft:vindicator":1,"enemyexpansion:direwolf":1,"born_in_chaos_v1:maggot":7,"minecraft:skeleton":6,"born_in_chaos_v1:corpse_fish":2,"born_in_chaos_v1:spiritof_chaos":1,"born_in_chaos_v1:baby_skeleton":3,"enemyexpansion:tarantula":1,"irons_spellbooks:necromancer":1,"minecraft:creeper":1,"rats:rat":1,"born_in_chaos_v1:decrepit_skeleton":1,"born_in_chaos_v1:bloody_gadfly":1,"minecraft:pillager":4,"minecraft:zombie":16,"born_in_chaos_v1:door_knight":1},"minecraft:used":{"irons_spellbooks:inscription_table":2,"iceandfire:silver_sword":9,"minecraft:stone_sword":100,"toughasnails:water_purifier":1,"minecraft:oak_sign":1,"minecraft:spruce_planks":3,"minecraft:chest":3,"minecraft:iron_sword":39,"minecraft:torch":99,"minecraft:dirt":1,"toughasnails:empty_canteen":1,"minecraft:chainmail_chestplate":1,"minecraft:oak_wood":1,"spartanshields:wooden_tower_shield":3,"minecraft:iron_axe":9,"minecraft:magma_block":1,"spartanshields:iron_basic_shield":27,"minecraft:hay_block":1,"minecraft:oak_sapling":6,"minecraft:furnace":3,"minecraft:cherry_log":2,"minecraft:iron_leggings":2,"minecraft:water_bucket":19,"minecraft:diorite":1,"minecraft:cobblestone_stairs":2,"minecraft:glass_bottle":85,"minecraft:oak_planks":21,"minecraft:wooden_pickaxe":4,"toughasnails:water_canteen":18,"minecraft:sand":3,"minecraft:crafting_table":8,"minecraft:dripstone_block":14,"minecraft:spruce_log":8,"minecraft:deepslate_tiles":1,"iceandfire:silver_pickaxe":180,"minecraft:apple":3,"minecraft:bread":42,"minecraft:iron_pickaxe":97,"minecraft:spruce_trapdoor":2,"minecraft:stone_axe":101,"minecraft:fishing_rod":5,"minecraft:wooden_sword":3,"minecraft:cobblestone":10,"minecraft:potion":84,"minecraft:chainmail_boots":1,"toughasnails:purified_water_bottle":1,"minecraft:bucket":20,"alexsmobs:animal_dictionary":2,"minecraft:cobweb":3,"minecraft:experience_bottle":8},"minecraft:crafted":{"minecraft:wooden_sword":1,"minecraft:oak_planks":32,"minecraft:raw_iron":9,"minecraft:fishing_rod":1,"spartanshields:wooden_tower_shield":1,"minecraft:furnace":3,"spartanshields:iron_basic_shield":1,"minecraft:glass":10,"minecraft:iron_axe":1,"minecraft:chest":1,"minecraft:wheat":144,"minecraft:glass_bottle":3,"irons_spellbooks:copper_spell_book":1,"iceandfire:silver_ingot":12,"minecraft:crafting_table":6,"minecraft:spruce_planks":16,"minecraft:wooden_pickaxe":1,"minecraft:iron_helmet":1,"minecraft:copper_ingot":2,"minecraft:bucket":1,"minecraft:stone_axe":1,"minecraft:bread":51,"minecraft:air":0,"minecraft:charcoal":1,"toughasnails:water_purifier":1,"minecraft:stick":60,"minecraft:iron_ingot":34,"minecraft:iron_pickaxe":1,"minecraft:stone_sword":1,"spartanshields:wooden_basic_shield":1,"minecraft:torch":152,"iceandfire:silver_pickaxe":1,"iceandfire:silver_sword":1,"toughasnails:empty_canteen":1},"minecraft:mined":{"minecraft:deepslate_tiles":1,"minecraft:spruce_planks":7,"iceandfire:silver_ore":17,"minecraft:cobblestone_stairs":6,"minecraft:brewing_stand":1,"minecraft:spruce_trapdoor":2,"minecraft:granite":2,"minecraft:grass_block":10,"minecraft:decorated_pot":1,"minecraft:oak_wall_sign":2,"minecraft:hay_block":1,"minecraft:raw_iron_block":1,"minecraft:iron_ore":34,"minecraft:fire":65,"minecraft:andesite":4,"minecraft:pointed_dripstone":41,"irons_spellbooks:inscription_table":2,"minecraft:stone":93,"born_in_chaos_v1:marigolds":1,"minecraft:crafting_table":3,"minecraft:chest":3,"minecraft:tall_grass":12,"minecraft:copper_ore":6,"minecraft:cobblestone":10,"minecraft:oak_planks":13,"minecraft:diorite":1,"minecraft:seagrass":2,"minecraft:spruce_log":8,"minecraft:grass":22,"minecraft:oak_log":17,"minecraft:coal_ore":45,"minecraft:dripstone_block":16,"minecraft:sand":14,"minecraft:dirt":17,"minecraft:cobweb":3,"minecraft:oak_leaves":5},"minecraft:custom":{"minecraft:mob_kills":53,"minecraft:interact_with_anvil":3,"minecraft:interact_with_crafting_table":37,"minecraft:open_barrel":12,"minecraft:damage_dealt_resisted":270,"minecraft:leave_game":1,"minecraft:time_since_death":3052,"minecraft:climb_one_cm":12408,"minecraft:sprint_one_cm":477712,"minecraft:walk_one_cm":439214,"minecraft:damage_blocked_by_shield":1639,"minecraft:drop":4,"minecraft:talked_to_villager":6,"minecraft:play_time":157262,"minecraft:deaths":16,"minecraft:sneak_time":1018,"minecraft:walk_under_water_one_cm":9198,"minecraft:jump":3099,"minecraft:walk_on_water_one_cm":22155,"minecraft:total_world_time":157262,"minecraft:interact_with_furnace":79,"minecraft:sleep_in_bed":8,"minecraft:time_since_rest":3078,"minecraft:damage_taken":5922,"minecraft:damage_dealt":11107,"minecraft:swim_one_cm":16599,"minecraft:fly_one_cm":591624,"minecraft:open_chest":92,"minecraft:crouch_one_cm":3322,"minecraft:fish_caught":1,"minecraft:fall_one_cm":103886},"minecraft:killed_by":{"enemyexpansion:huntsman":1,"minecraft:vindicator":3,"minecraft:skeleton":2,"minecraft:zombie":3,"irons_spellbooks:archevoker":1,"born_in_chaos_v1:door_knight":1,"minecraft:vex":1},"minecraft:dropped":{"minecraft:wheat_seeds":2,"minecraft:iron_shovel":1,"minecraft:rotten_flesh":2,"minecraft:spider_eye":1}},"DataVersion":3465}