{"stats":{"minecraft:picked_up":{"irons_spellbooks:scroll":3,"minecraft:charcoal":2,"minecraft:crafting_table":5,"minecraft:wheat":141,"illagerinvasion:platinum_chunk":5,"minecraft:chainmail_boots":5,"minecraft:leather_leggings":2,"minecraft:potion":3,"minecraft:enchanted_book":3,"minecraft:chain":1,"minecraft:brewing_stand":1,"minecraft:string":5,"minecraft:raw_copper":16,"minecraft:iron_axe":3,"minecraft:iron_leggings":7,"born_in_chaos_v1:intoxicating_decoction":1,"minecraft:experience_bottle":25,"minecraft:iron_shovel":3,"minecraft:oak_sign":2,"irons_spellbooks:fire_ale":1,"irons_spellbooks:arcane_essence":33,"minecraft:deepslate_tiles":1,"minecraft:spruce_planks":13,"minecraft:iron_nugget":2,"minecraft:iron_pickaxe":7,"minecraft:chest":4,"irons_spellbooks:inscription_table":7,"minecraft:spruce_trapdoor":2,"minecraft:iron_boots":2,"minecraft:stick":78,"minecraft:raw_iron":37,"minecraft:torch":308,"minecraft:spruce_fence":1,"minecraft:cherry_log":2,"minecraft:pointed_dripstone":75,"minecraft:diorite":1,"minecraft:stone_sword":4,"minecraft:arrow":16,"minecraft:rotten_flesh":39,"minecraft:decorated_pot":1,"minecraft:hay_block":85,"minecraft:gold_ingot":8,"irons_spellbooks:copper_spell_book":7,"minecraft:cobblestone":144,"born_in_chaos_v1:corpse_maggot":7,"minecraft:magma_block":1,"minecraft:salmon":4,"minecraft:water_bucket":6,"minecraft:andesite":5,"spartanshields:iron_basic_shield":5,"minecraft:leather":13,"minecraft:potato":5,"minecraft:oak_log":17,"minecraft:chainmail_chestplate":6,"toughasnails:purified_water_bottle":1,"minecraft:gunpowder":6,"minecraft:cobblestone_stairs":6,"rats:raw_rat":1,"minecraft:lapis_lazuli":11,"minecraft:dirt":52,"minecraft:paper":18,"born_in_chaos_v1:marigolds":7,"minecraft:leather_boots":2,"irons_spellbooks:common_ink":21,"minecraft:bone":22,"minecraft:stone_bricks":3,"irons_spellbooks:pedestal":1,"minecraft:bow":3,"minecraft:wheat_seeds":7,"minecraft:iron_ingot":15,"minecraft:cobweb":6,"minecraft:glass_bottle":5,"minecraft:iron_sword":8,"minecraft:oak_planks":114,"minecraft:book":2,"minecraft:emerald_block":14,"born_in_chaos_v1:ethereal_spirit":3,"minecraft:raw_iron_block":1,"minecraft:dripstone_block":15,"spartanshields:wooden_tower_shield":2,"minecraft:sand":14,"minecraft:spruce_log":38,"minecraft:spider_eye":1,"alexsmobs:animal_dictionary":10,"minecraft:leather_helmet":4,"iceandfire:silver_pickaxe":7,"minecraft:oak_wood":1,"toughasnails:water_canteen":2,"minecraft:diamond":3,"minecraft:stone_axe":10,"irons_spellbooks:divine_pearl":6,"iceandfire:silver_sword":3,"minecraft:iron_helmet":3,"minecraft:granite":2,"minecraft:bone_meal":1,"minecraft:emerald":45,"minecraft:spruce_sign":1,"minecraft:chainmail_helmet":1,"minecraft:bread":92,"minecraft:oak_sapling":19,"born_in_chaos_v1:rotten_fish":2,"irons_spellbooks:uncommon_ink":2,"minecraft:coal":77,"iceandfire:raw_silver":12},"minecraft:killed":{"born_in_chaos_v1:zombie_clown":1,"irons_spellbooks:summoned_zombie":1,"born_in_chaos_v1:restless_spirit":1,"born_in_chaos_v1:zombie_lumberjack":1,"born_in_chaos_v1:skeleton_demoman":1,"minecraft:spider":1,"minecraft:vindicator":1,"enemyexpansion:direwolf":3,"born_in_chaos_v1:maggot":7,"minecraft:skeleton":7,"born_in_chaos_v1:corpse_fish":3,"born_in_chaos_v1:spiritof_chaos":1,"born_in_chaos_v1:baby_skeleton":3,"enemyexpansion:tarantula":1,"enemyexpansion:sprinter":1,"irons_spellbooks:necromancer":1,"minecraft:creeper":2,"rats:rat":1,"born_in_chaos_v1:decrepit_skeleton":1,"born_in_chaos_v1:bloody_gadfly":1,"minecraft:pillager":4,"minecraft:zombie":17,"born_in_chaos_v1:door_knight":2},"minecraft:used":{"irons_spellbooks:inscription_table":2,"iceandfire:silver_sword":9,"minecraft:writable_book":1,"minecraft:stone_sword":100,"toughasnails:water_purifier":1,"minecraft:oak_sign":1,"minecraft:chest":5,"minecraft:spruce_planks":3,"minecraft:iron_sword":67,"minecraft:torch":99,"minecraft:dirt":1,"toughasnails:empty_canteen":6,"minecraft:chainmail_chestplate":1,"minecraft:oak_wood":1,"minecraft:spruce_fence":1,"spartanshields:wooden_tower_shield":3,"minecraft:iron_axe":16,"minecraft:stone_bricks":3,"minecraft:magma_block":1,"spartanshields:iron_basic_shield":28,"minecraft:hay_block":1,"minecraft:written_book":1,"minecraft:oak_sapling":6,"minecraft:furnace":3,"minecraft:cherry_log":2,"minecraft:iron_leggings":2,"minecraft:water_bucket":30,"minecraft:diorite":1,"minecraft:cobblestone_stairs":2,"minecraft:glass_bottle":85,"minecraft:oak_planks":21,"minecraft:wooden_pickaxe":4,"toughasnails:water_canteen":65,"minecraft:sand":3,"minecraft:crafting_table":8,"minecraft:dripstone_block":14,"minecraft:spruce_log":10,"minecraft:deepslate_tiles":1,"iceandfire:silver_pickaxe":187,"minecraft:apple":3,"minecraft:bread":61,"minecraft:iron_pickaxe":97,"minecraft:spruce_trapdoor":2,"minecraft:stone_axe":101,"minecraft:fishing_rod":5,"minecraft:wooden_sword":3,"minecraft:potion":86,"minecraft:cobblestone":11,"toughasnails:purified_water_bottle":1,"minecraft:chainmail_boots":1,"minecraft:andesite":2,"minecraft:bucket":31,"alexsmobs:animal_dictionary":2,"minecraft:cobweb":3,"minecraft:experience_bottle":8},"minecraft:crafted":{"minecraft:wooden_sword":1,"immersive_armors:warrior_boots":1,"minecraft:oak_planks":40,"minecraft:raw_iron":9,"immersive_armors:warrior_helmet":1,"minecraft:fishing_rod":1,"spartanshields:wooden_tower_shield":1,"minecraft:furnace":3,"spartanshields:iron_basic_shield":1,"minecraft:glass":10,"minecraft:iron_axe":1,"minecraft:chest":3,"minecraft:wheat":180,"minecraft:glass_bottle":3,"irons_spellbooks:scroll":2,"minecraft:emerald":108,"irons_spellbooks:copper_spell_book":1,"iceandfire:silver_ingot":12,"minecraft:crafting_table":6,"minecraft:spruce_planks":24,"minecraft:wooden_pickaxe":1,"minecraft:iron_helmet":1,"minecraft:copper_ingot":2,"minecraft:bucket":1,"minecraft:stone_axe":1,"minecraft:bread":73,"minecraft:air":0,"minecraft:charcoal":1,"toughasnails:water_purifier":1,"immersive_armors:warrior_leggings":1,"minecraft:stick":60,"minecraft:iron_ingot":34,"minecraft:iron_pickaxe":1,"minecraft:stone_sword":1,"spartanshields:wooden_basic_shield":1,"minecraft:torch":152,"iceandfire:silver_pickaxe":1,"iceandfire:silver_sword":1,"toughasnails:empty_canteen":1},"minecraft:broken":{"toughasnails:water_canteen":5},"minecraft:mined":{"minecraft:deepslate_tiles":1,"minecraft:spruce_planks":7,"iceandfire:silver_ore":17,"minecraft:cobblestone_stairs":6,"minecraft:brewing_stand":1,"minecraft:spruce_trapdoor":2,"minecraft:granite":2,"minecraft:spruce_fence":1,"minecraft:grass_block":14,"minecraft:decorated_pot":1,"minecraft:oak_wall_sign":2,"minecraft:hay_block":11,"minecraft:raw_iron_block":1,"minecraft:iron_ore":34,"minecraft:fire":65,"minecraft:andesite":6,"minecraft:pointed_dripstone":41,"irons_spellbooks:inscription_table":4,"minecraft:stone":94,"irons_spellbooks:pedestal":1,"born_in_chaos_v1:marigolds":1,"minecraft:dandelion":1,"minecraft:crafting_table":3,"minecraft:chest":3,"minecraft:campfire":1,"minecraft:copper_ore":6,"minecraft:tall_grass":13,"minecraft:cobblestone":10,"minecraft:oak_planks":13,"minecraft:diorite":1,"minecraft:seagrass":2,"minecraft:spruce_log":10,"minecraft:grass":24,"minecraft:oak_log":17,"minecraft:coal_ore":45,"minecraft:sand":14,"minecraft:dripstone_block":16,"minecraft:dirt":18,"minecraft:cobweb":3,"minecraft:stone_bricks":3,"minecraft:oak_leaves":5},"minecraft:custom":{"minecraft:interact_with_anvil":3,"minecraft:mob_kills":62,"minecraft:interact_with_crafting_table":45,"minecraft:open_barrel":17,"minecraft:damage_dealt_resisted":1305,"minecraft:leave_game":3,"minecraft:time_since_death":41504,"minecraft:climb_one_cm":14343,"minecraft:sprint_one_cm":585858,"minecraft:walk_one_cm":527992,"minecraft:damage_blocked_by_shield":1684,"minecraft:drop":7,"minecraft:talked_to_villager":6,"minecraft:play_time":195714,"minecraft:deaths":16,"minecraft:sneak_time":1174,"minecraft:walk_under_water_one_cm":16416,"minecraft:interact_with_lectern":5,"minecraft:jump":3966,"minecraft:walk_on_water_one_cm":37579,"minecraft:total_world_time":195714,"minecraft:interact_with_furnace":83,"minecraft:traded_with_villager":2,"minecraft:sleep_in_bed":9,"minecraft:time_since_rest":4178,"minecraft:damage_taken":6660,"minecraft:damage_dealt":12442,"minecraft:swim_one_cm":24105,"minecraft:fly_one_cm":763498,"minecraft:open_chest":130,"minecraft:crouch_one_cm":3423,"minecraft:fish_caught":1,"minecraft:fall_one_cm":125551},"minecraft:killed_by":{"enemyexpansion:huntsman":1,"minecraft:vindicator":3,"minecraft:skeleton":2,"minecraft:zombie":3,"irons_spellbooks:archevoker":1,"born_in_chaos_v1:door_knight":1,"minecraft:vex":1},"minecraft:dropped":{"minecraft:wheat_seeds":2,"minecraft:iron_shovel":1,"born_in_chaos_v1:rotten_fish":1,"minecraft:rotten_flesh":6,"minecraft:spider_eye":1,"iceandfire:silver_pickaxe":1}},"DataVersion":3465}