{"stats":{"minecraft:picked_up":{"minecraft:stick":3,"minecraft:crafting_table":1,"illagerinvasion:platinum_chunk":2,"spartanshields:wooden_tower_shield":1,"minecraft:oak_log":6,"minecraft:spruce_log":8,"minecraft:dirt":9,"alexsmobs:animal_dictionary":5,"minecraft:oak_wood":1,"born_in_chaos_v1:marigolds":4,"minecraft:experience_bottle":1,"minecraft:stone_axe":4,"minecraft:hay_block":27,"minecraft:emerald":6,"minecraft:oak_sapling":4,"minecraft:chest":1,"irons_spellbooks:inscription_table":1,"minecraft:oak_planks":75,"minecraft:cobblestone":3},"minecraft:killed":{"minecraft:pillager":4,"minecraft:vindicator":1},"minecraft:used":{"spartanshields:wooden_tower_shield":1,"minecraft:oak_planks":6,"minecraft:chest":1,"minecraft:wooden_pickaxe":4,"minecraft:stone_axe":35,"minecraft:wooden_sword":3,"minecraft:dirt":1,"minecraft:hay_block":1,"minecraft:crafting_table":3,"alexsmobs:animal_dictionary":1,"minecraft:oak_wood":1},"minecraft:crafted":{"minecraft:wooden_sword":1,"minecraft:crafting_table":2,"minecraft:stick":12,"minecraft:wooden_pickaxe":1,"spartanshields:wooden_tower_shield":1,"minecraft:stone_axe":1},"minecraft:mined":{"minecraft:hay_block":1,"born_in_chaos_v1:marigolds":1,"minecraft:fire":23,"minecraft:crafting_table":1,"minecraft:grass":3,"minecraft:grass_block":3,"minecraft:oak_log":6,"minecraft:chest":1,"minecraft:dirt":6,"minecraft:tall_grass":1,"irons_spellbooks:inscription_table":1,"minecraft:stone":3,"minecraft:oak_planks":3,"minecraft:oak_leaves":3},"minecraft:custom":{"minecraft:time_since_rest":2667,"minecraft:sprint_one_cm":63196,"minecraft:damage_taken":1948,"minecraft:walk_one_cm":46134,"minecraft:damage_blocked_by_shield":139,"minecraft:mob_kills":5,"minecraft:damage_dealt":1601,"minecraft:interact_with_crafting_table":5,"minecraft:fly_one_cm":80217,"minecraft:open_barrel":11,"minecraft:open_chest":5,"minecraft:crouch_one_cm":683,"minecraft:play_time":16888,"minecraft:deaths":6,"minecraft:sneak_time":263,"minecraft:jump":443,"minecraft:time_since_death":2642,"minecraft:climb_one_cm":1384,"minecraft:total_world_time":16888,"minecraft:fall_one_cm":19764},"minecraft:killed_by":{"minecraft:vindicator":3,"minecraft:vex":1,"irons_spellbooks:archevoker":1}},"DataVersion":3465}