{"stats":{"minecraft:picked_up":{"irons_spellbooks:scroll":8,"minecraft:iron_chestplate":10,"minecraft:wheat":180,"illagerinvasion:platinum_chunk":6,"minecraft:chainmail_boots":24,"minecraft:magenta_carpet":1,"minecraft:wither_rose":2,"minecraft:potion":3,"minecraft:enchanted_book":3,"minecraft:brewing_stand":1,"minecraft:golden_sword":8,"minecraft:amethyst_block":80,"iceandfire:manuscript":10,"minecraft:string":62,"minecraft:raw_copper":16,"minecraft:iron_leggings":7,"minecraft:experience_bottle":25,"minecraft:oak_sign":2,"illagerinvasion:platinum_infused_hatchet":1,"irons_spellbooks:fire_ale":1,"irons_spellbooks:arcane_essence":170,"minecraft:deepslate_tiles":1,"minecraft:gold_nugget":17,"minecraft:cobbled_deepslate":102,"bosses_of_mass_destruction:soul_star":1,"minecraft:bucket":11,"minecraft:spruce_planks":22,"minecraft:calcite":2,"minecraft:iron_pickaxe":10,"minecraft:coal_block":2,"irons_spellbooks:inscription_table":7,"minecraft:iron_boots":4,"minecraft:furnace":9,"minecraft:tipped_arrow":22,"minecraft:stick":97,"iceandfire:ghost_chest":1,"born_in_chaos_v1:shattered_skull":11,"minecraft:torch":1061,"minecraft:spruce_stairs":2,"minecraft:golden_axe":10,"minecraft:cherry_log":2,"minecraft:pointed_dripstone":123,"minecraft:diorite":1,"enemyexpansion:meathead_helmet":2,"minecraft:golden_chestplate":24,"minecraft:stone_sword":4,"minecraft:rotten_flesh":451,"irons_spellbooks:cooldown_ring":9,"irons_spellbooks:copper_spell_book":34,"minecraft:cobblestone":1553,"minecraft:leather_chestplate":1,"minecraft:magma_block":1,"minecraft:cooked_beef":7,"minecraft:water_bucket":18,"minecraft:andesite":148,"spartanshields:iron_basic_shield":11,"minecraft:black_bed":1,"minecraft:brown_wool":2,"minecraft:golden_leggings":3,"minecraft:potato":231,"minecraft:flint":1,"rats:raw_rat":2,"minecraft:lapis_lazuli":12,"minecraft:dirt":499,"minecraft:lantern":1,"minecraft:name_tag":1,"born_in_chaos_v1:monster_skin":2,"born_in_chaos_v1:marigolds":7,"minecraft:leather_boots":3,"minecraft:bone":281,"irons_spellbooks:pedestal":1,"minecraft:bow":26,"minecraft:wheat_seeds":44,"minecraft:raw_gold":9,"minecraft:stone_hoe":1,"minecraft:oak_planks":171,"toughasnails:purified_water_canteen":2,"spartanshields:iron_tower_shield":4,"irons_spellbooks:frozen_bone":40,"minecraft:cooked_porkchop":4,"minecraft:poisonous_potato":1,"minecraft:sand":14,"immersive_armors:divine_boots":1,"alexsmobs:animal_dictionary":10,"minecraft:barrel":5,"immersive_armors:warrior_helmet":3,"toughasnails:water_canteen":22,"minecraft:yellow_carpet":1,"minecraft:diamond":8,"irons_spellbooks:divine_pearl":6,"minecraft:polished_blackstone_button":1,"minecraft:granite":2,"minecraft:bone_meal":2,"minecraft:emerald":687,"minecraft:golden_apple":4,"minecraft:chainmail_helmet":16,"minecraft:spruce_sign":1,"minecraft:bread":179,"alexsmobs:maggot":1,"minecraft:oak_sapling":25,"born_in_chaos_v1:rotten_fish":6,"irons_spellbooks:uncommon_ink":2,"iceandfire:raw_silver":28,"minecraft:charcoal":24,"minecraft:crafting_table":5,"born_in_chaos_v1:diamond_termite_shard":2,"minecraft:azure_bluet":1,"born_in_chaos_v1:river_mint":2,"minecraft:leather_leggings":2,"minecraft:gold_block":11,"minecraft:chain":3,"minecraft:shield":11,"immersive_armors:warrior_boots":10,"immersive_armors:wither_helmet":9,"minecraft:red_bed":5,"minecraft:iron_axe":17,"minecraft:white_carpet":1,"born_in_chaos_v1:intoxicating_decoction":1,"minecraft:iron_shovel":3,"iceandfire:graveyard_soil":4,"irons_spellbooks:epic_ink":1,"minecraft:iron_nugget":9,"minecraft:poppy":11,"minecraft:spruce_slab":2,"minecraft:sugar_cane":19,"minecraft:chest":9,"minecraft:spruce_trapdoor":3,"minecraft:egg":1,"minecraft:raw_iron":121,"minecraft:copper_ingot":23,"minecraft:bowl":1,"minecraft:spruce_fence":1,"minecraft:fire_charge":16,"born_in_chaos_v1:pieceofdarkmetal":1,"minecraft:carrot":52,"spartanshields:stone_basic_shield":1,"toughasnails:empty_canteen":1,"irons_spellbooks:evocation_rune":1,"minecraft:diamond_chestplate":2,"minecraft:arrow":99,"minecraft:weeping_vines":11,"minecraft:decorated_pot":1,"minecraft:hay_block":201,"minecraft:gold_ingot":20,"minecraft:totem_of_undying":1,"minecraft:mutton":13,"minecraft:rail":6,"minecraft:skeleton_skull":2,"minecraft:white_wool":7,"born_in_chaos_v1:fused_bone":1,"iceandfire:silver_axe":12,"minecraft:stripped_oak_log":15,"born_in_chaos_v1:corpse_maggot":185,"born_in_chaos_v1:monster_flesh":3,"minecraft:glow_ink_sac":2,"minecraft:salmon":4,"minecraft:leather":39,"minecraft:oak_log":35,"minecraft:chainmail_chestplate":16,"toughasnails:purified_water_bottle":1,"iceandfire:ectoplasm":1,"minecraft:gunpowder":31,"minecraft:cobblestone_stairs":6,"minecraft:paper":24,"minecraft:white_banner":1,"minecraft:cooked_mutton":6,"irons_spellbooks:common_ink":22,"minecraft:red_carpet":49,"immersive_armors:warrior_leggings":12,"minecraft:apple":91,"minecraft:stone_bricks":14,"born_in_chaos_v1:smoked_flesh":5,"minecraft:iron_ingot":59,"minecraft:cobweb":25,"minecraft:glass_bottle":7,"minecraft:iron_sword":49,"minecraft:book":6,"minecraft:smooth_basalt":2,"minecraft:emerald_block":17,"minecraft:sweet_berries":159,"born_in_chaos_v1:ethereal_spirit":3,"minecraft:dandelion":1,"minecraft:raw_iron_block":3,"minecraft:dripstone_block":21,"minecraft:gravel":4,"spartanshields:wooden_tower_shield":2,"minecraft:spruce_sapling":8,"minecraft:white_bed":9,"minecraft:spruce_log":65,"minecraft:spider_eye":35,"minecraft:leather_helmet":4,"minecraft:oak_wood":1,"iceandfire:silver_pickaxe":29,"minecraft:stone_axe":10,"iceandfire:silver_sword":3,"minecraft:chainmail_leggings":12,"minecraft:iron_helmet":4,"minecraft:coal":265},"minecraft:killed":{"born_in_chaos_v1:zombie_clown":1,"illagerinvasion:archivist":4,"minecraft:cave_spider":7,"born_in_chaos_v1:restless_spirit":1,"born_in_chaos_v1:zombie_lumberjack":2,"born_in_chaos_v1:skeleton_demoman":2,"minecraft:spider":10,"enemyexpansion:equestrian":3,"born_in_chaos_v1:siamese_skeletonsright":1,"illagerinvasion:basher":2,"minecraft:skeleton":11,"illagerinvasion:provoker":3,"alexsmobs:centipede_head":1,"irons_spellbooks:archevoker":1,"illagerinvasion:necromancer":1,"minecraft:pig":2,"minecraft:zombie_villager":3,"born_in_chaos_v1:diamond_termite":3,"minecraft:salmon":1,"enemyexpansion:tarantula":1,"irons_spellbooks:necromancer":1,"illagerinvasion:alchemist":2,"minecraft:creeper":3,"rats:rat":1,"minecraft:sheep":5,"born_in_chaos_v1:zombie_fisherman":1,"minecraft:pillager":4,"enemyexpansion:meature":1,"minecraft:zombie":35,"born_in_chaos_v1:dread_hound":3,"born_in_chaos_v1:corpse_fly":33,"enemyexpansion:botfly":2,"minecraft:stray":2,"born_in_chaos_v1:door_knight":3,"born_in_chaos_v1:siamese_skeletonsleft":1,"minecraft:cow":3,"minecraft:evoker":1,"irons_spellbooks:summoned_zombie":1,"alexsmobs:raccoon":1,"minecraft:vindicator":5,"illagerinvasion:marauder":2,"born_in_chaos_v1:skeleton_thrasher_not_despawn":1,"enemyexpansion:direwolf":6,"born_in_chaos_v1:maggot":18,"born_in_chaos_v1:corpse_fish":4,"born_in_chaos_v1:spiritof_chaos":1,"born_in_chaos_v1:baby_skeleton":5,"born_in_chaos_v1:swarmer":1,"enemyexpansion:sprinter":3,"born_in_chaos_v1:decrepit_skeleton":10,"born_in_chaos_v1:bloody_gadfly":1,"iceandfire:ghost":1,"enemyexpansion:huntsman":1,"enemyexpansion:slugger":1},"minecraft:used":{"irons_spellbooks:inscription_table":2,"minecraft:writable_book":1,"minecraft:spruce_slab":1,"minecraft:poppy":1,"minecraft:oak_sign":1,"minecraft:chest":16,"minecraft:iron_sword":399,"minecraft:rotten_flesh":10,"minecraft:iron_chestplate":2,"minecraft:azure_bluet":1,"minecraft:obsidian":1,"spartanshields:wooden_tower_shield":3,"minecraft:lantern":1,"iceandfire:ghost_chest":1,"minecraft:stone_bricks":5,"minecraft:golden_sword":5,"minecraft:red_carpet":10,"minecraft:magma_block":1,"spartanshields:iron_basic_shield":70,"minecraft:hay_block":20,"minecraft:written_book":1,"minecraft:sweet_berries":99,"minecraft:oak_sapling":7,"minecraft:furnace":11,"minecraft:egg":1,"minecraft:potato":8,"minecraft:diorite":1,"minecraft:stone_pickaxe":23,"minecraft:oak_planks":24,"minecraft:wooden_pickaxe":4,"minecraft:chainmail_helmet":2,"minecraft:sugar_cane":8,"toughasnails:water_canteen":244,"minecraft:golden_apple":3,"minecraft:white_wool":1,"minecraft:sand":3,"minecraft:mushroom_stew":1,"illagerinvasion:lost_candle":1,"iceandfire:silver_axe":60,"minecraft:dripstone_block":14,"minecraft:deepslate_tiles":1,"iceandfire:silver_pickaxe":835,"born_in_chaos_v1:monster_flesh":1,"minecraft:string":3,"minecraft:bread":100,"minecraft:gravel":4,"minecraft:wooden_sword":3,"minecraft:chainmail_boots":3,"born_in_chaos_v1:river_mint":2,"minecraft:andesite":3,"minecraft:cobweb":4,"minecraft:experience_bottle":10,"minecraft:oak_trapdoor":6,"minecraft:stone_sword":100,"iceandfire:silver_sword":9,"toughasnails:water_purifier":1,"immersive_armors:warrior_leggings":4,"minecraft:spruce_planks":3,"minecraft:torch":172,"minecraft:dirt":78,"minecraft:white_carpet":1,"toughasnails:empty_canteen":33,"minecraft:chainmail_chestplate":3,"minecraft:oak_wood":1,"immersive_armors:warrior_boots":1,"minecraft:golden_chestplate":1,"minecraft:spruce_fence":1,"alexsmobs:maggot":1,"immersive_armors:wither_helmet":1,"minecraft:iron_axe":39,"minecraft:totem_of_undying":1,"minecraft:smooth_basalt":1,"minecraft:cooked_beef":7,"minecraft:cobbled_deepslate":12,"minecraft:pointed_dripstone":15,"minecraft:cherry_log":2,"minecraft:iron_leggings":2,"minecraft:calcite":1,"minecraft:wheat_seeds":4,"minecraft:cooked_mutton":4,"minecraft:water_bucket":73,"minecraft:cobblestone_stairs":2,"minecraft:glass_bottle":85,"minecraft:spruce_sign":1,"spartanshields:iron_tower_shield":19,"minecraft:rail":2,"minecraft:crafting_table":14,"minecraft:red_bed":4,"minecraft:white_bed":8,"minecraft:magenta_carpet":1,"minecraft:spruce_log":11,"minecraft:apple":25,"minecraft:iron_pickaxe":97,"minecraft:spruce_trapdoor":3,"minecraft:spruce_sapling":1,"minecraft:stone_axe":101,"minecraft:fishing_rod":5,"minecraft:cobblestone":180,"minecraft:potion":86,"toughasnails:purified_water_bottle":1,"minecraft:cooked_porkchop":4,"toughasnails:purified_water_canteen":5,"minecraft:bucket":75,"alexsmobs:animal_dictionary":2,"minecraft:dandelion":1,"minecraft:chainmail_leggings":4},"minecraft:crafted":{"immersive_armors:warrior_boots":1,"minecraft:oak_planks":160,"immersive_armors:warrior_helmet":1,"minecraft:chain":4,"spartanshields:wooden_tower_shield":2,"spartanshields:iron_basic_shield":1,"minecraft:glass":10,"minecraft:bow":1,"minecraft:chest":9,"iceandfire:silver_axe":1,"minecraft:glass_bottle":3,"irons_spellbooks:scroll":5,"minecraft:emerald":171,"irons_spellbooks:copper_spell_book":2,"minecraft:crafting_table":12,"minecraft:spruce_planks":76,"spartanshields:iron_tower_shield":1,"minecraft:wooden_pickaxe":1,"minecraft:iron_helmet":1,"irons_spellbooks:furled_map":1,"minecraft:copper_ingot":2,"irons_spellbooks:pumpkin_chestplate":1,"minecraft:iron_chestplate":1,"minecraft:paper":9,"minecraft:charcoal":1,"toughasnails:water_purifier":1,"immersive_armors:warrior_leggings":1,"minecraft:stick":188,"minecraft:iron_ingot":38,"minecraft:iron_pickaxe":1,"minecraft:stone_sword":1,"spartanshields:wooden_basic_shield":1,"irons_spellbooks:magic_cloth":4,"iceandfire:silver_sword":1,"toughasnails:empty_canteen":2,"minecraft:wooden_sword":1,"minecraft:raw_iron":27,"minecraft:coal":18,"minecraft:fishing_rod":1,"minecraft:iron_nugget":9,"minecraft:furnace":11,"minecraft:oak_trapdoor":6,"minecraft:iron_axe":1,"minecraft:stone_pickaxe":1,"iceandfire:chain":1,"minecraft:wheat":207,"iceandfire:silver_ingot":16,"minecraft:spruce_sign":3,"minecraft:bucket":2,"minecraft:stone_axe":1,"minecraft:bread":83,"minecraft:air":0,"minecraft:torch":244,"iceandfire:silver_pickaxe":3},"minecraft:broken":{"iceandfire:silver_pickaxe":1,"toughasnails:water_canteen":30,"toughasnails:purified_water_canteen":1},"minecraft:mined":{"minecraft:large_amethyst_bud":1,"minecraft:spruce_planks":8,"minecraft:white_bed":6,"minecraft:cobblestone_stairs":6,"minecraft:brewing_stand":1,"minecraft:spruce_trapdoor":3,"minecraft:granite":2,"minecraft:budding_amethyst":2,"minecraft:grass_block":42,"minecraft:deepslate_bricks":2,"minecraft:coal_block":2,"minecraft:oak_wall_sign":2,"minecraft:spawner":6,"minecraft:raw_iron_block":3,"minecraft:iron_ore":50,"minecraft:fire":110,"minecraft:barrel":5,"minecraft:azure_bluet":1,"minecraft:sculk_shrieker":1,"minecraft:pointed_dripstone":63,"minecraft:small_amethyst_bud":1,"minecraft:spruce_slab":3,"minecraft:tripwire":2,"irons_spellbooks:pedestal":1,"minecraft:red_bed":4,"minecraft:blackstone":2,"born_in_chaos_v1:infected_deepslate_diamond_ore":1,"minecraft:torch":2,"minecraft:calcite":1,"minecraft:poppy":1,"iceandfire:ghost_chest":1,"minecraft:chest":9,"minecraft:cobblestone":65,"minecraft:oak_planks":13,"minecraft:sugar_cane":12,"minecraft:wall_torch":1,"minecraft:amethyst_block":40,"minecraft:seagrass":2,"minecraft:chain":1,"minecraft:wheat":10,"born_in_chaos_v1:river_mint":2,"minecraft:black_bed":1,"minecraft:grass":72,"minecraft:oak_log":35,"minecraft:sand":14,"minecraft:dirt":60,"minecraft:smooth_basalt":1,"minecraft:deepslate":88,"minecraft:oak_leaves":23,"minecraft:deepslate_tiles":1,"iceandfire:silver_ore":24,"minecraft:deepslate_diamond_ore":1,"born_in_chaos_v1:infected_diamond_ore":3,"minecraft:spruce_fence":1,"minecraft:decorated_pot":1,"minecraft:weeping_vines":1,"minecraft:spruce_leaves":5,"minecraft:large_fern":5,"minecraft:hay_block":23,"minecraft:furnace":9,"minecraft:carrots":32,"minecraft:andesite":18,"minecraft:gold_block":1,"minecraft:potatoes":98,"minecraft:deepslate_iron_ore":15,"minecraft:vine":4,"minecraft:lantern":1,"minecraft:stripped_oak_log":14,"irons_spellbooks:inscription_table":4,"minecraft:stone":373,"born_in_chaos_v1:marigolds":1,"minecraft:basalt":1,"minecraft:dandelion":3,"minecraft:crafting_table":3,"minecraft:blackstone_slab":5,"minecraft:campfire":1,"minecraft:copper_ore":6,"minecraft:tall_grass":41,"minecraft:deepslate_gold_ore":6,"minecraft:diorite":1,"minecraft:spruce_stairs":3,"minecraft:sweet_berry_bush":19,"minecraft:spruce_log":22,"minecraft:coal_ore":106,"minecraft:dripstone_block":20,"minecraft:cobweb":5,"minecraft:stone_bricks":8,"minecraft:fern":1},"minecraft:custom":{"minecraft:interact_with_crafting_table":77,"minecraft:open_barrel":54,"minecraft:leave_game":10,"minecraft:time_since_death":13914,"minecraft:sprint_one_cm":1649467,"minecraft:damage_blocked_by_shield":4084,"minecraft:drop":104,"minecraft:talked_to_villager":10,"minecraft:play_time":510667,"minecraft:deaths":83,"minecraft:jump":11291,"minecraft:interact_with_brewingstand":1,"minecraft:walk_on_water_one_cm":77973,"minecraft:interact_with_furnace":99,"minecraft:traded_with_villager":6,"minecraft:sleep_in_bed":20,"minecraft:damage_dealt":29073,"minecraft:player_kills":3,"minecraft:crouch_one_cm":21615,"minecraft:interact_with_smoker":1,"minecraft:interact_with_anvil":3,"minecraft:mob_kills":234,"minecraft:damage_dealt_resisted":1733,"minecraft:climb_one_cm":56114,"minecraft:walk_one_cm":1312321,"minecraft:sneak_time":7875,"minecraft:walk_under_water_one_cm":36433,"minecraft:interact_with_lectern":5,"minecraft:total_world_time":510667,"minecraft:time_since_rest":13940,"minecraft:damage_absorbed":119,"minecraft:damage_taken":28922,"minecraft:trigger_trapped_chest":1,"minecraft:swim_one_cm":80469,"minecraft:fly_one_cm":2295472,"minecraft:open_chest":397,"minecraft:fish_caught":1,"minecraft:fall_one_cm":356620},"minecraft:killed_by":{"minecraft:zombie_villager":2,"minecraft:pillager":2,"enemyexpansion:slugger":1,"enemyexpansion:huntsman":1,"minecraft:vindicator":5,"minecraft:cave_spider":15,"minecraft:zombie":3,"enemyexpansion:invisicreeper":1,"minecraft:vex":3,"minecraft:player":3,"minecraft:stray":1,"minecraft:spider":3,"enemyexpansion:equestrian":1,"irons_spellbooks:necromancer":1,"minecraft:skeleton":4,"born_in_chaos_v1:corpse_fish":1,"irons_spellbooks:archevoker":23,"born_in_chaos_v1:door_knight":1,"born_in_chaos_v1:dread_hound":1,"born_in_chaos_v1:maggot":1},"minecraft:dropped":{"minecraft:iron_sword":4,"iceandfire:silver_axe":1,"minecraft:black_bed":1,"iceandfire:ectoplasm":1,"iceandfire:graveyard_soil":4,"minecraft:dirt":10,"born_in_chaos_v1:monster_skin":1,"minecraft:chain":1,"minecraft:iron_pickaxe":1,"minecraft:bone":3,"spartanshields:stone_basic_shield":1,"minecraft:rotten_flesh":13,"minecraft:oak_planks":53,"enemyexpansion:meathead_helmet":1,"minecraft:poppy":10,"minecraft:gunpowder":2,"minecraft:leather_boots":1,"minecraft:chainmail_boots":1,"born_in_chaos_v1:corpse_maggot":2,"minecraft:arrow":12,"iceandfire:silver_pickaxe":1,"minecraft:bread":14,"minecraft:iron_ingot":15,"toughasnails:water_canteen":1,"minecraft:wheat_seeds":14,"illagerinvasion:platinum_infused_hatchet":1,"minecraft:book":1,"minecraft:chainmail_helmet":3,"minecraft:yellow_carpet":1,"minecraft:stick":1,"irons_spellbooks:scroll":4,"born_in_chaos_v1:fused_bone":1,"minecraft:wither_rose":1,"toughasnails:purified_water_canteen":2,"minecraft:white_banner":1,"minecraft:iron_axe":3,"minecraft:iron_shovel":1,"minecraft:string":1,"rats:raw_rat":1,"minecraft:bucket":1,"minecraft:spruce_sapling":1,"irons_spellbooks:copper_spell_book":2,"minecraft:bowl":1,"born_in_chaos_v1:rotten_fish":3,"minecraft:iron_boots":1,"minecraft:pumpkin_seeds":1,"minecraft:potato":1,"minecraft:hay_block":1,"minecraft:spruce_planks":8,"minecraft:iron_chestplate":1,"minecraft:andesite":2,"minecraft:stone_bricks":6,"minecraft:spider_eye":5,"minecraft:bow":2,"minecraft:stone_pickaxe":1}},"DataVersion":3465}