{"stats":{"minecraft:picked_up":{"minecraft:wooden_axe":1,"minecraft:crafting_table":1,"born_in_chaos_v1:seedof_chaos":1,"minecraft:flower_pot":2,"minecraft:wooden_pickaxe":1,"minecraft:wither_rose":2,"minecraft:brick":4,"minecraft:string":4,"minecraft:iron_axe":1,"minecraft:wooden_sword":2,"minecraft:iron_shovel":1,"minecraft:iron_leggings":2,"minecraft:rose_bush":1,"minecraft:lectern":1,"minecraft:sugar_cane":8,"minecraft:iron_boots":1,"minecraft:furnace":6,"minecraft:stick":38,"minecraft:raw_iron":12,"minecraft:oak_fence":9,"minecraft:torch":2,"minecraft:spruce_stairs":1,"minecraft:spruce_fence":2,"minecraft:porkchop":3,"minecraft:diorite":1,"minecraft:arrow":2,"minecraft:rotten_flesh":4,"minecraft:hay_block":6,"minecraft:gold_ingot":12,"minecraft:cobblestone":65,"born_in_chaos_v1:corpse_maggot":1,"born_in_chaos_v1:spiritual_dust":2,"minecraft:leather":2,"minecraft:flint":2,"minecraft:oak_log":66,"toughasnails:purified_water_bottle":5,"minecraft:gunpowder":2,"minecraft:lapis_lazuli":4,"minecraft:dirt":13,"minecraft:glass":3,"minecraft:bone":2,"minecraft:apple":3,"minecraft:stone_bricks":1,"minecraft:bow":1,"minecraft:wheat_seeds":2,"minecraft:stone_pickaxe":1,"minecraft:iron_ingot":2,"minecraft:oak_planks":143,"minecraft:iron_sword":2,"minecraft:cooked_porkchop":3,"minecraft:gravel":37,"minecraft:sand":13,"minecraft:white_bed":1,"minecraft:dark_oak_log":2,"minecraft:spider_eye":1,"alexsmobs:animal_dictionary":1,"alexsmobs:raw_catfish":3,"minecraft:iron_helmet":3,"minecraft:golden_apple":1,"minecraft:bread":14,"minecraft:emerald":4,"born_in_chaos_v1:rotten_fish":2,"minecraft:oak_sapling":10,"minecraft:coal":6},"minecraft:killed":{"irons_spellbooks:summoned_zombie":3,"alexsmobs:raccoon":1,"enemyexpansion:equestrian":1,"minecraft:spider":2,"born_in_chaos_v1:maggot":2,"minecraft:pig":3,"minecraft:zombie_villager":1,"minecraft:creeper":2,"born_in_chaos_v1:zombie_fisherman":1,"minecraft:zombie":1,"enemyexpansion:huntsman":2},"minecraft:used":{"minecraft:oak_fence":3,"minecraft:iron_shovel":38,"toughasnails:water_purifier":1,"minecraft:chest":2,"minecraft:iron_sword":81,"minecraft:stone_hoe":139,"minecraft:torch":2,"minecraft:carrot":2,"minecraft:wooden_axe":2,"spartanshields:wooden_tower_shield":6,"minecraft:iron_axe":75,"minecraft:iron_helmet":1,"minecraft:furnace":7,"minecraft:oak_sapling":10,"minecraft:potato":10,"minecraft:wheat_seeds":2,"minecraft:glass_bottle":36,"minecraft:stone_pickaxe":79,"minecraft:oak_planks":2,"minecraft:wooden_pickaxe":3,"minecraft:sugar_cane":5,"minecraft:fletching_table":1,"minecraft:golden_apple":1,"minecraft:crafting_table":5,"toughasnails:rain_collector":1,"minecraft:white_bed":1,"spartanshields:stone_tower_shield":1,"minecraft:flower_pot":1,"minecraft:bread":18,"minecraft:gravel":17,"minecraft:stone_axe":15,"minecraft:wooden_sword":13,"minecraft:cobblestone":11,"minecraft:potion":12,"toughasnails:purified_water_bottle":18,"minecraft:cooked_porkchop":2,"alexsmobs:animal_dictionary":1,"minecraft:cobweb":1},"minecraft:crafted":{"minecraft:oak_planks":228,"minecraft:barrel":1,"spartanshields:wooden_tower_shield":2,"minecraft:furnace":1,"spartanshields:stone_tower_shield":2,"minecraft:glass":12,"minecraft:iron_boots":1,"minecraft:bow":1,"minecraft:iron_axe":10,"minecraft:stone_pickaxe":1,"minecraft:chest":2,"minecraft:dark_oak_planks":8,"minecraft:stone_hoe":1,"minecraft:wheat":54,"minecraft:glass_bottle":6,"minecraft:oak_slab":6,"minecraft:emerald":45,"toughasnails:rain_collector":1,"minecraft:crafting_table":4,"minecraft:wooden_pickaxe":1,"minecraft:iron_helmet":2,"minecraft:fletching_table":1,"minecraft:stone_axe":1,"minecraft:bread":26,"minecraft:air":0,"minecraft:iron_chestplate":1,"minecraft:charcoal":9,"toughasnails:water_purifier":1,"minecraft:stick":20,"minecraft:iron_ingot":12,"minecraft:iron_shovel":1,"minecraft:iron_leggings":1},"minecraft:broken":{"minecraft:stone_hoe":1},"minecraft:mined":{"minecraft:white_bed":1,"minecraft:oak_sapling":1,"minecraft:potted_wither_rose":2,"minecraft:spruce_fence":3,"minecraft:grass_block":2,"minecraft:decorated_pot":1,"minecraft:hay_block":6,"minecraft:tall_seagrass":1,"minecraft:furnace":6,"minecraft:iron_ore":12,"minecraft:fire":16,"minecraft:stone":39,"minecraft:oak_fence":9,"minecraft:crafting_table":1,"minecraft:rose_bush":1,"minecraft:lectern":1,"minecraft:tall_grass":1,"minecraft:cobblestone":7,"minecraft:sugar_cane":3,"minecraft:oak_planks":1,"minecraft:diorite":1,"minecraft:wall_torch":1,"minecraft:spruce_stairs":1,"minecraft:grass":14,"minecraft:oak_log":68,"minecraft:gravel":26,"minecraft:sand":14,"minecraft:dirt":16,"minecraft:cobweb":1,"minecraft:stone_bricks":1,"minecraft:yellow_stained_glass":2,"minecraft:oak_leaves":107},"minecraft:custom":{"minecraft:mob_kills":19,"minecraft:interact_with_anvil":1,"minecraft:interact_with_crafting_table":40,"minecraft:interact_with_campfire":3,"minecraft:damage_dealt_resisted":20,"minecraft:time_since_death":6793,"minecraft:climb_one_cm":11765,"minecraft:sprint_one_cm":179267,"minecraft:walk_one_cm":357650,"minecraft:damage_blocked_by_shield":435,"minecraft:drop":9,"minecraft:talked_to_villager":19,"minecraft:play_time":95584,"minecraft:deaths":3,"minecraft:sneak_time":1753,"minecraft:walk_under_water_one_cm":19276,"minecraft:interact_with_brewingstand":2,"minecraft:jump":908,"minecraft:interact_with_blast_furnace":8,"minecraft:walk_on_water_one_cm":25868,"minecraft:total_world_time":95584,"minecraft:interact_with_furnace":25,"minecraft:traded_with_villager":13,"minecraft:pot_flower":1,"minecraft:interact_with_grindstone":1,"minecraft:sleep_in_bed":12,"minecraft:time_since_rest":6824,"minecraft:damage_taken":1494,"minecraft:damage_dealt":3622,"minecraft:swim_one_cm":11917,"minecraft:fly_one_cm":176040,"minecraft:open_chest":64,"minecraft:crouch_one_cm":3490,"minecraft:interact_with_smoker":1,"minecraft:fall_one_cm":13415},"minecraft:killed_by":{"alexsmobs:crocodile":2},"minecraft:dropped":{"minecraft:leather":2,"minecraft:wooden_axe":1,"minecraft:rose_bush":1,"minecraft:potion":1,"minecraft:wooden_sword":1,"toughasnails:purified_water_canteen":1,"minecraft:rotten_flesh":1,"toughasnails:purified_water_bottle":1}},"DataVersion":3465}