{"stats":{"minecraft:picked_up":{"minecraft:wooden_axe":1,"minecraft:crafting_table":1,"minecraft:flower_pot":1,"minecraft:leather":2,"minecraft:wooden_pickaxe":1,"minecraft:wither_rose":1,"minecraft:oak_log":17,"toughasnails:purified_water_bottle":1,"minecraft:brick":4,"minecraft:gunpowder":2,"minecraft:string":1,"minecraft:lapis_lazuli":4,"minecraft:dirt":8,"minecraft:wooden_sword":2,"minecraft:iron_leggings":1,"minecraft:apple":1,"minecraft:stone_bricks":1,"minecraft:bow":1,"minecraft:iron_ingot":2,"minecraft:rose_bush":1,"minecraft:lectern":1,"minecraft:iron_sword":1,"minecraft:oak_planks":34,"minecraft:stick":11,"minecraft:raw_iron":12,"minecraft:cooked_porkchop":3,"minecraft:oak_fence":5,"minecraft:torch":1,"minecraft:gravel":17,"minecraft:porkchop":3,"minecraft:sand":13,"minecraft:diorite":1,"minecraft:dark_oak_log":2,"alexsmobs:animal_dictionary":1,"alexsmobs:raw_catfish":3,"minecraft:arrow":2,"minecraft:rotten_flesh":2,"minecraft:hay_block":6,"minecraft:iron_helmet":1,"minecraft:emerald":4,"minecraft:gold_ingot":2,"minecraft:oak_sapling":2,"born_in_chaos_v1:rotten_fish":2,"minecraft:cobblestone":43},"minecraft:killed":{"minecraft:pig":3,"minecraft:zombie_villager":1,"alexsmobs:raccoon":1,"enemyexpansion:equestrian":1,"minecraft:creeper":2,"born_in_chaos_v1:zombie_fisherman":1,"enemyexpansion:huntsman":2},"minecraft:used":{"minecraft:oak_fence":1,"minecraft:iron_shovel":15,"toughasnails:water_purifier":1,"minecraft:glass_bottle":23,"minecraft:stone_pickaxe":71,"minecraft:chest":1,"minecraft:wooden_pickaxe":3,"minecraft:iron_sword":36,"minecraft:torch":1,"minecraft:golden_apple":1,"minecraft:crafting_table":5,"toughasnails:rain_collector":1,"spartanshields:wooden_tower_shield":6,"minecraft:wooden_axe":2,"minecraft:flower_pot":1,"minecraft:bread":8,"minecraft:gravel":9,"minecraft:stone_axe":15,"minecraft:wooden_sword":13,"minecraft:cobblestone":11,"minecraft:potion":11,"minecraft:oak_sapling":2,"toughasnails:purified_water_bottle":8,"minecraft:furnace":1,"minecraft:cooked_porkchop":2,"alexsmobs:animal_dictionary":1,"minecraft:cobweb":1},"minecraft:crafted":{"minecraft:glass_bottle":6,"minecraft:oak_slab":6,"minecraft:oak_planks":32,"minecraft:barrel":1,"minecraft:emerald":45,"toughasnails:rain_collector":1,"minecraft:crafting_table":4,"minecraft:wooden_pickaxe":1,"minecraft:iron_helmet":2,"spartanshields:wooden_tower_shield":1,"minecraft:furnace":1,"minecraft:stone_axe":1,"spartanshields:stone_tower_shield":1,"minecraft:bread":26,"minecraft:air":0,"minecraft:glass":12,"minecraft:charcoal":4,"minecraft:iron_boots":1,"minecraft:iron_chestplate":1,"toughasnails:water_purifier":1,"minecraft:stick":8,"minecraft:iron_ingot":12,"minecraft:stone_pickaxe":1,"minecraft:chest":1,"minecraft:iron_shovel":1,"minecraft:iron_leggings":1,"minecraft:dark_oak_planks":8,"minecraft:wheat":54},"minecraft:mined":{"minecraft:potted_wither_rose":1,"minecraft:oak_fence":6,"minecraft:crafting_table":1,"minecraft:grass_block":2,"minecraft:decorated_pot":1,"minecraft:rose_bush":1,"minecraft:lectern":1,"minecraft:tall_grass":1,"minecraft:cobblestone":5,"minecraft:diorite":1,"minecraft:hay_block":6,"minecraft:iron_ore":12,"minecraft:fire":16,"minecraft:grass":3,"minecraft:oak_log":17,"minecraft:cobweb":1,"minecraft:gravel":9,"minecraft:sand":14,"minecraft:dirt":11,"minecraft:stone":39,"minecraft:stone_bricks":1,"minecraft:yellow_stained_glass":2,"minecraft:oak_leaves":75},"minecraft:custom":{"minecraft:interact_with_furnace":19,"minecraft:mob_kills":11,"minecraft:traded_with_villager":3,"minecraft:interact_with_crafting_table":29,"minecraft:interact_with_campfire":3,"minecraft:pot_flower":1,"minecraft:time_since_death":50816,"minecraft:sleep_in_bed":7,"minecraft:climb_one_cm":9575,"minecraft:time_since_rest":12641,"minecraft:sprint_one_cm":105546,"minecraft:damage_taken":599,"minecraft:walk_one_cm":243583,"minecraft:damage_blocked_by_shield":390,"minecraft:drop":8,"minecraft:damage_dealt":2170,"minecraft:talked_to_villager":10,"minecraft:swim_one_cm":3114,"minecraft:fly_one_cm":87718,"minecraft:open_chest":48,"minecraft:crouch_one_cm":1168,"minecraft:play_time":59584,"minecraft:deaths":1,"minecraft:sneak_time":329,"minecraft:walk_under_water_one_cm":848,"minecraft:jump":524,"minecraft:interact_with_brewingstand":2,"minecraft:interact_with_blast_furnace":8,"minecraft:walk_on_water_one_cm":11857,"minecraft:interact_with_smoker":1,"minecraft:total_world_time":59584,"minecraft:fall_one_cm":8486},"minecraft:dropped":{"minecraft:rotten_flesh":1,"minecraft:leather":2,"minecraft:wooden_axe":1,"minecraft:rose_bush":1,"toughasnails:purified_water_bottle":1,"minecraft:potion":1,"minecraft:wooden_sword":1}},"DataVersion":3465}