{"stats":{"minecraft:picked_up":{"minecraft:wooden_axe":1,"minecraft:charcoal":22,"minecraft:crafting_table":2,"minecraft:wheat":9,"born_in_chaos_v1:river_mint":1,"minecraft:flower_pot":3,"born_in_chaos_v1:seedof_chaos":1,"minecraft:wooden_pickaxe":1,"minecraft:oak_stairs":2,"minecraft:wither_rose":2,"minecraft:brick":4,"spartanshields:stone_tower_shield":1,"minecraft:string":4,"minecraft:red_bed":2,"minecraft:raw_copper":2,"minecraft:iron_axe":3,"minecraft:wooden_sword":2,"minecraft:iron_leggings":4,"minecraft:iron_shovel":2,"minecraft:oak_sign":2,"minecraft:spruce_planks":33,"minecraft:beef":15,"minecraft:oak_boat":1,"minecraft:rose_bush":1,"minecraft:poppy":1,"minecraft:spruce_slab":2,"minecraft:lectern":2,"minecraft:sugar_cane":50,"minecraft:chest":1,"irons_spellbooks:inscription_table":1,"minecraft:spruce_trapdoor":85,"minecraft:iron_boots":2,"minecraft:furnace":6,"minecraft:stick":72,"minecraft:raw_iron":24,"born_in_chaos_v1:shattered_skull":1,"minecraft:oak_door":2,"minecraft:oak_fence":9,"minecraft:torch":2,"minecraft:spruce_stairs":33,"minecraft:spruce_fence":3,"minecraft:porkchop":3,"minecraft:cherry_log":1,"minecraft:pointed_dripstone":2,"minecraft:diorite":3,"born_in_chaos_v1:pieceofdarkmetal":1,"minecraft:carrot":262,"minecraft:deepslate_tile_stairs":2,"minecraft:arrow":142,"minecraft:rotten_flesh":26,"minecraft:deepslate_bricks":4,"minecraft:hay_block":13,"minecraft:gold_ingot":12,"minecraft:white_terracotta":27,"minecraft:brick_stairs":2,"minecraft:deepslate_brick_stairs":3,"minecraft:iron_bars":8,"minecraft:cobblestone":238,"born_in_chaos_v1:corpse_maggot":8,"minecraft:feather":2,"minecraft:cooked_beef":6,"born_in_chaos_v1:spiritual_dust":2,"minecraft:salmon":2,"minecraft:andesite":24,"minecraft:leather":2,"minecraft:potato":426,"alexsmobs:bison_fur":2,"minecraft:flint":4,"minecraft:oak_log":273,"toughasnails:purified_water_bottle":5,"minecraft:cobblestone_stairs":17,"minecraft:gunpowder":4,"minecraft:lapis_lazuli":4,"minecraft:dirt":14,"minecraft:lantern":2,"minecraft:polished_granite":4,"minecraft:glass":3,"minecraft:bone":8,"minecraft:apple":7,"minecraft:stone_bricks":52,"minecraft:bow":2,"minecraft:wheat_seeds":25,"minecraft:iron_ingot":3,"minecraft:stone_pickaxe":2,"minecraft:stripped_oak_wood":18,"minecraft:fletching_table":1,"minecraft:stone_hoe":1,"minecraft:iron_sword":4,"minecraft:oak_planks":171,"minecraft:book":24,"minecraft:polished_andesite_stairs":2,"toughasnails:purified_water_canteen":1,"minecraft:cooked_porkchop":3,"minecraft:poisonous_potato":1,"minecraft:gravel":71,"minecraft:sand":13,"minecraft:red_banner":2,"minecraft:white_bed":1,"minecraft:dark_oak_log":2,"minecraft:spruce_door":1,"minecraft:spider_eye":1,"alexsmobs:animal_dictionary":1,"alexsmobs:raw_catfish":3,"minecraft:polished_andesite":17,"minecraft:spruce_fence_gate":2,"minecraft:slime_ball":2,"minecraft:iron_helmet":4,"minecraft:crossbow":1,"minecraft:granite":7,"minecraft:bone_meal":1,"minecraft:golden_apple":1,"minecraft:emerald":4,"minecraft:bread":37,"minecraft:oak_sapling":61,"born_in_chaos_v1:rotten_fish":5,"minecraft:bricks":8,"minecraft:coal":37},"minecraft:killed":{"irons_spellbooks:summoned_zombie":3,"born_in_chaos_v1:zombie_lumberjack":1,"alexsmobs:raccoon":1,"enemyexpansion:equestrian":2,"minecraft:spider":2,"enemyexpansion:direwolf":1,"born_in_chaos_v1:zombie_bruiser":1,"creeperoverhaul:dripstone_creeper":1,"born_in_chaos_v1:maggot":7,"minecraft:skeleton":1,"alexsmobs:bison":2,"minecraft:drowned":1,"born_in_chaos_v1:corpse_fish":3,"minecraft:pig":3,"minecraft:zombie_villager":1,"born_in_chaos_v1:swarmer":1,"minecraft:salmon":1,"enemyexpansion:sprinter":1,"minecraft:creeper":2,"born_in_chaos_v1:decrepit_skeleton":3,"born_in_chaos_v1:zombie_fisherman":2,"minecraft:zombie":3,"alexsmobs:crocodile":1,"born_in_chaos_v1:corpse_fly":6,"enemyexpansion:huntsman":2,"alexsmobs:crow":3},"minecraft:used":{"irons_spellbooks:inscription_table":1,"minecraft:oak_fence":3,"minecraft:iron_shovel":83,"toughasnails:water_purifier":1,"minecraft:chest":10,"minecraft:spruce_planks":7,"minecraft:iron_sword":147,"minecraft:oak_door":1,"minecraft:stone_hoe":239,"minecraft:torch":2,"toughasnails:empty_canteen":5,"minecraft:carrot":149,"minecraft:wooden_axe":2,"spartanshields:wooden_tower_shield":6,"minecraft:iron_axe":594,"minecraft:iron_helmet":1,"minecraft:bow":103,"minecraft:oak_sapling":34,"minecraft:furnace":7,"minecraft:potato":256,"minecraft:cooked_beef":11,"minecraft:wheat_seeds":18,"minecraft:stone_pickaxe":425,"minecraft:glass_bottle":56,"minecraft:oak_planks":49,"minecraft:wooden_pickaxe":3,"minecraft:sugar_cane":47,"minecraft:fletching_table":17,"toughasnails:water_canteen":2,"minecraft:golden_apple":1,"minecraft:crafting_table":5,"minecraft:red_bed":2,"toughasnails:rain_collector":1,"minecraft:crossbow":23,"minecraft:white_bed":1,"spartanshields:stone_tower_shield":1,"minecraft:oak_log":1,"minecraft:flower_pot":1,"minecraft:bread":34,"minecraft:lectern":4,"minecraft:spruce_trapdoor":2,"minecraft:gravel":17,"minecraft:stone_axe":15,"minecraft:wooden_sword":13,"minecraft:cobblestone":16,"minecraft:potion":13,"toughasnails:purified_water_bottle":43,"minecraft:cooked_porkchop":2,"toughasnails:purified_water_canteen":28,"minecraft:oak_boat":2,"alexsmobs:animal_dictionary":1,"minecraft:air":1,"minecraft:bone_meal":2,"minecraft:cobweb":1},"minecraft:crafted":{"minecraft:oak_planks":1036,"minecraft:stone_shovel":1,"minecraft:barrel":1,"spartanshields:wooden_tower_shield":2,"minecraft:furnace":1,"minecraft:bone_meal":12,"minecraft:bookshelf":8,"spartanshields:stone_tower_shield":2,"minecraft:glass":12,"minecraft:bow":16,"minecraft:iron_boots":1,"minecraft:iron_axe":10,"minecraft:stone_pickaxe":4,"minecraft:chest":10,"minecraft:dark_oak_planks":8,"minecraft:stone_hoe":2,"minecraft:wheat":117,"minecraft:cooked_beef":15,"minecraft:glass_bottle":6,"minecraft:crossbow":2,"minecraft:oak_slab":24,"minecraft:arrow":224,"minecraft:emerald":77,"toughasnails:rain_collector":1,"minecraft:crafting_table":4,"minecraft:wooden_pickaxe":1,"minecraft:iron_helmet":2,"minecraft:fletching_table":17,"minecraft:stone_axe":1,"minecraft:bread":47,"minecraft:air":0,"minecraft:oak_boat":2,"minecraft:lectern":3,"minecraft:iron_chestplate":1,"minecraft:charcoal":9,"toughasnails:water_purifier":1,"minecraft:flint":30,"minecraft:stick":1172,"minecraft:iron_ingot":16,"minecraft:iron_shovel":1,"minecraft:iron_leggings":1,"toughasnails:empty_canteen":1},"minecraft:broken":{"minecraft:stone_hoe":1,"minecraft:stone_pickaxe":3,"minecraft:iron_axe":2,"toughasnails:purified_water_canteen":4},"minecraft:mined":{"minecraft:white_bed":1,"minecraft:spruce_planks":34,"minecraft:oak_sapling":3,"minecraft:potted_wither_rose":2,"minecraft:oak_door":1,"minecraft:cobblestone_stairs":18,"minecraft:spruce_trapdoor":94,"minecraft:granite":6,"minecraft:chiseled_bookshelf":1,"minecraft:spruce_fence":3,"minecraft:grass_block":3,"minecraft:decorated_pot":1,"minecraft:brick_stairs":2,"minecraft:deepslate_bricks":3,"minecraft:deepslate_tile_stairs":2,"minecraft:hay_block":13,"minecraft:tall_seagrass":2,"minecraft:carrots":67,"minecraft:furnace":6,"minecraft:iron_ore":25,"minecraft:fire":16,"minecraft:andesite":22,"minecraft:fletching_table":1,"minecraft:bookshelf":8,"minecraft:potatoes":112,"minecraft:pointed_dripstone":1,"minecraft:oak_stairs":2,"minecraft:iron_bars":8,"minecraft:deepslate_brick_stairs":3,"minecraft:stone":116,"minecraft:spruce_slab":2,"minecraft:red_bed":2,"minecraft:polished_granite":4,"minecraft:oak_fence":9,"minecraft:crafting_table":2,"minecraft:polished_andesite_stairs":2,"minecraft:chest":1,"minecraft:white_stained_glass_pane":10,"minecraft:rose_bush":1,"minecraft:campfire":11,"minecraft:lectern":2,"minecraft:copper_ore":1,"minecraft:tall_grass":1,"minecraft:cobblestone":43,"minecraft:oak_planks":29,"minecraft:sugar_cane":26,"minecraft:bricks":8,"minecraft:diorite":1,"minecraft:wall_torch":1,"minecraft:spruce_stairs":35,"minecraft:seagrass":1,"minecraft:white_terracotta":27,"minecraft:wheat":7,"minecraft:stripped_oak_wood":18,"minecraft:grass":15,"minecraft:oak_log":255,"minecraft:coal_ore":31,"minecraft:gravel":63,"minecraft:flower_pot":1,"minecraft:sand":14,"minecraft:dirt":16,"minecraft:cobweb":1,"minecraft:spruce_fence_gate":2,"minecraft:stone_bricks":55,"minecraft:polished_andesite":18,"minecraft:yellow_stained_glass":2,"minecraft:oak_leaves":195},"minecraft:custom":{"minecraft:interact_with_anvil":3,"minecraft:mob_kills":55,"minecraft:interact_with_crafting_table":61,"minecraft:interact_with_campfire":3,"minecraft:damage_dealt_resisted":20,"minecraft:leave_game":4,"minecraft:time_since_death":25396,"minecraft:climb_one_cm":20236,"minecraft:sprint_one_cm":408596,"minecraft:walk_one_cm":888475,"minecraft:damage_blocked_by_shield":435,"minecraft:drop":13,"minecraft:talked_to_villager":57,"minecraft:play_time":241699,"minecraft:sneak_time":4455,"minecraft:deaths":4,"minecraft:walk_under_water_one_cm":23138,"minecraft:boat_one_cm":74382,"minecraft:interact_with_brewingstand":3,"minecraft:jump":2312,"minecraft:interact_with_blast_furnace":8,"minecraft:walk_on_water_one_cm":38779,"minecraft:total_world_time":241699,"minecraft:interact_with_furnace":40,"minecraft:traded_with_villager":79,"minecraft:pot_flower":1,"minecraft:interact_with_grindstone":1,"minecraft:sleep_in_bed":21,"minecraft:time_since_rest":25434,"minecraft:damage_taken":2983,"minecraft:damage_dealt":7413,"minecraft:swim_one_cm":16152,"minecraft:fly_one_cm":402417,"minecraft:open_chest":148,"minecraft:crouch_one_cm":9471,"minecraft:interact_with_smoker":1,"minecraft:fall_one_cm":37469,"minecraft:use_cauldron":4},"minecraft:killed_by":{"enemyexpansion:sprinter":1,"alexsmobs:crocodile":2},"minecraft:dropped":{"minecraft:bread":4,"minecraft:leather":2,"minecraft:wooden_axe":1,"minecraft:rose_bush":1,"minecraft:potion":1,"minecraft:wooden_sword":1,"toughasnails:purified_water_canteen":1,"minecraft:rotten_flesh":1,"toughasnails:purified_water_bottle":1}},"DataVersion":3465}