{"stats":{"minecraft:picked_up":{"minecraft:wooden_axe":1,"minecraft:wheat":9,"illagerinvasion:platinum_chunk":1,"minecraft:flower_pot":3,"minecraft:oak_stairs":2,"minecraft:wither_rose":4,"minecraft:brewing_stand":1,"minecraft:string":6,"minecraft:raw_copper":2,"minecraft:iron_leggings":4,"minecraft:oak_sign":2,"minecraft:cobbled_deepslate":211,"minecraft:spruce_planks":33,"minecraft:rose_bush":1,"irons_spellbooks:inscription_table":1,"minecraft:iron_boots":2,"minecraft:furnace":6,"minecraft:stick":87,"born_in_chaos_v1:shattered_skull":1,"minecraft:oak_fence":9,"minecraft:torch":2,"minecraft:spruce_stairs":33,"minecraft:porkchop":3,"minecraft:cherry_log":1,"minecraft:pointed_dripstone":2,"minecraft:diorite":3,"minecraft:deepslate_tile_stairs":2,"enemyexpansion:meathead_helmet":1,"minecraft:rotten_flesh":33,"minecraft:white_terracotta":27,"minecraft:deepslate_brick_stairs":3,"minecraft:iron_bars":8,"minecraft:cobblestone":346,"minecraft:birch_log":7,"born_in_chaos_v1:staffof_magic_arrows":1,"minecraft:leather_chestplate":1,"minecraft:feather":2,"minecraft:cooked_beef":6,"born_in_chaos_v1:spiritual_dust":2,"minecraft:andesite":27,"minecraft:smoker":1,"minecraft:potato":426,"alexsmobs:bison_fur":2,"minecraft:flint":4,"minecraft:dirt":29,"minecraft:lapis_lazuli":4,"minecraft:lantern":2,"minecraft:polished_granite":4,"minecraft:bone":12,"minecraft:glass":3,"minecraft:bow":2,"minecraft:wheat_seeds":25,"minecraft:fletching_table":5,"minecraft:oak_planks":185,"minecraft:stone_hoe":1,"toughasnails:purified_water_canteen":1,"spartanshields:iron_tower_shield":1,"minecraft:cooked_porkchop":3,"minecraft:birch_fence_gate":2,"minecraft:poisonous_potato":1,"minecraft:sand":13,"alexsmobs:animal_dictionary":1,"minecraft:dark_oak_log":2,"minecraft:polished_andesite":17,"minecraft:spruce_fence_gate":2,"minecraft:diamond":19,"minecraft:crossbow":1,"minecraft:granite":7,"minecraft:bone_meal":2,"minecraft:golden_apple":1,"minecraft:spruce_sign":3,"minecraft:bread":37,"minecraft:emerald":5,"born_in_chaos_v1:rotten_fish":5,"minecraft:oak_sapling":90,"minecraft:bricks":8,"minecraft:charcoal":22,"minecraft:crafting_table":2,"born_in_chaos_v1:river_mint":1,"born_in_chaos_v1:seedof_chaos":1,"minecraft:wooden_pickaxe":1,"minecraft:brick":4,"minecraft:red_bed":4,"minecraft:wooden_sword":2,"minecraft:iron_axe":3,"minecraft:iron_shovel":3,"spartanshields:stone_tower_shield":1,"minecraft:beef":15,"minecraft:oak_boat":2,"minecraft:poppy":1,"minecraft:spruce_slab":2,"minecraft:light_gray_wool":1,"minecraft:lectern":5,"minecraft:sugar_cane":52,"minecraft:chest":1,"minecraft:spruce_trapdoor":85,"minecraft:raw_iron":29,"minecraft:oak_door":2,"minecraft:spruce_fence":3,"born_in_chaos_v1:pieceofdarkmetal":1,"minecraft:carrot":332,"minecraft:arrow":143,"minecraft:diamond_chestplate":2,"minecraft:decorated_pot":1,"minecraft:deepslate_bricks":4,"minecraft:hay_block":37,"minecraft:gold_ingot":12,"minecraft:brick_stairs":2,"minecraft:white_wool":1,"born_in_chaos_v1:corpse_maggot":9,"minecraft:salmon":2,"minecraft:leather":2,"minecraft:oak_log":440,"toughasnails:purified_water_bottle":5,"minecraft:cobblestone_stairs":17,"minecraft:gunpowder":4,"minecraft:apple":13,"minecraft:stone_bricks":52,"minecraft:iron_ingot":3,"minecraft:stone_pickaxe":2,"minecraft:stripped_oak_wood":18,"minecraft:iron_sword":4,"minecraft:book":111,"minecraft:polished_andesite_stairs":2,"minecraft:birch_boat":3,"minecraft:sweet_berries":15,"minecraft:gravel":78,"minecraft:red_banner":2,"minecraft:white_bed":1,"minecraft:spruce_door":1,"minecraft:spider_eye":1,"alexsmobs:raw_catfish":6,"iceandfire:silver_pickaxe":1,"minecraft:slime_ball":2,"minecraft:chainmail_leggings":1,"minecraft:iron_helmet":4,"minecraft:coal":57},"minecraft:killed":{"born_in_chaos_v1:zombie_lumberjack":1,"minecraft:spider":3,"enemyexpansion:equestrian":2,"born_in_chaos_v1:baby_skeleton_minion":3,"creeperoverhaul:dripstone_creeper":1,"minecraft:skeleton":3,"born_in_chaos_v1:bonescaller":1,"minecraft:pig":3,"minecraft:zombie_villager":1,"minecraft:salmon":1,"minecraft:creeper":2,"minecraft:pillager":5,"born_in_chaos_v1:zombie_fisherman":2,"enemyexpansion:meature":1,"minecraft:zombie":9,"born_in_chaos_v1:corpse_fly":6,"enemyexpansion:botfly":1,"irons_spellbooks:summoned_zombie":3,"alexsmobs:raccoon":1,"enemyexpansion:direwolf":4,"born_in_chaos_v1:zombie_bruiser":1,"born_in_chaos_v1:maggot":9,"minecraft:drowned":1,"alexsmobs:bison":2,"born_in_chaos_v1:corpse_fish":6,"born_in_chaos_v1:baby_skeleton":1,"born_in_chaos_v1:swarmer":1,"enemyexpansion:sprinter":2,"born_in_chaos_v1:decrepit_skeleton":3,"alexsmobs:catfish":1,"alexsmobs:crocodile":1,"enemyexpansion:huntsman":2,"alexsmobs:crow":3},"minecraft:used":{"irons_spellbooks:inscription_table":1,"minecraft:iron_shovel":93,"minecraft:chest":10,"minecraft:iron_sword":153,"minecraft:carrot":168,"spartanshields:wooden_tower_shield":6,"minecraft:iron_helmet":1,"minecraft:bow":194,"minecraft:furnace":7,"minecraft:oak_sapling":81,"minecraft:potato":256,"minecraft:stone_pickaxe":529,"minecraft:oak_planks":167,"minecraft:wooden_pickaxe":3,"minecraft:sugar_cane":47,"toughasnails:water_canteen":13,"minecraft:golden_apple":1,"minecraft:crossbow":23,"spartanshields:stone_tower_shield":1,"minecraft:birch_fence_gate":2,"minecraft:bread":34,"minecraft:lectern":7,"minecraft:gravel":17,"minecraft:diamond_sword":36,"minecraft:wooden_sword":13,"minecraft:oak_boat":4,"minecraft:air":1,"minecraft:bone_meal":2,"minecraft:cobweb":1,"minecraft:oak_fence":3,"toughasnails:water_purifier":1,"minecraft:spruce_planks":7,"minecraft:stone_hoe":239,"minecraft:oak_door":1,"minecraft:torch":2,"minecraft:dirt":2,"toughasnails:empty_canteen":14,"minecraft:wooden_axe":2,"minecraft:iron_axe":846,"minecraft:cooked_beef":15,"minecraft:wheat_seeds":18,"minecraft:birch_planks":6,"minecraft:glass_bottle":56,"minecraft:baked_potato":31,"minecraft:birch_boat":3,"minecraft:fletching_table":17,"minecraft:crafting_table":5,"minecraft:red_bed":4,"toughasnails:rain_collector":1,"minecraft:white_bed":1,"minecraft:oak_log":1,"minecraft:diamond_pickaxe":54,"minecraft:flower_pot":1,"minecraft:iron_pickaxe":220,"minecraft:spruce_trapdoor":4,"minecraft:stone_axe":15,"minecraft:cobblestone":16,"minecraft:potion":13,"toughasnails:purified_water_bottle":43,"minecraft:cooked_porkchop":2,"toughasnails:purified_water_canteen":67,"alexsmobs:animal_dictionary":1,"minecraft:wither_rose":3},"minecraft:crafted":{"minecraft:oak_planks":1704,"minecraft:barrel":1,"minecraft:birch_boat":1,"spartanshields:wooden_tower_shield":2,"minecraft:bookshelf":8,"minecraft:glass":12,"minecraft:diamond_helmet":1,"minecraft:bow":24,"minecraft:iron_boots":1,"minecraft:birch_fence_gate":2,"minecraft:chest":10,"minecraft:stone_hoe":2,"minecraft:glass_bottle":6,"minecraft:oak_slab":24,"minecraft:arrow":224,"minecraft:emerald":135,"toughasnails:rain_collector":1,"minecraft:crafting_table":4,"minecraft:baked_potato":110,"minecraft:wooden_pickaxe":1,"minecraft:iron_helmet":2,"minecraft:fletching_table":17,"minecraft:birch_planks":28,"minecraft:lectern":3,"minecraft:iron_chestplate":2,"minecraft:charcoal":9,"minecraft:diamond_pickaxe":1,"toughasnails:water_purifier":1,"minecraft:stick":2608,"minecraft:iron_pickaxe":1,"minecraft:iron_ingot":27,"toughasnails:empty_canteen":1,"minecraft:stone_shovel":1,"minecraft:furnace":1,"minecraft:bone_meal":12,"spartanshields:stone_tower_shield":2,"minecraft:iron_axe":10,"minecraft:stone_pickaxe":4,"minecraft:dark_oak_planks":8,"minecraft:wheat":117,"minecraft:cooked_beef":15,"minecraft:crossbow":2,"minecraft:diamond_sword":1,"minecraft:stone_axe":1,"minecraft:bread":47,"minecraft:air":0,"minecraft:oak_boat":2,"minecraft:flint":30,"minecraft:iron_shovel":1,"minecraft:iron_leggings":1,"minecraft:diamond_chestplate":1},"minecraft:broken":{"minecraft:stone_pickaxe":4,"toughasnails:water_canteen":1,"minecraft:stone_hoe":1,"minecraft:iron_axe":3,"toughasnails:purified_water_canteen":12},"minecraft:mined":{"minecraft:spruce_planks":34,"minecraft:white_bed":1,"minecraft:oak_sapling":3,"minecraft:cobblestone_stairs":18,"minecraft:brewing_stand":1,"minecraft:spruce_trapdoor":94,"minecraft:granite":6,"minecraft:grass_block":10,"minecraft:deepslate_bricks":3,"minecraft:deepslate_tile_stairs":2,"minecraft:tall_seagrass":2,"minecraft:iron_ore":29,"minecraft:fire":20,"minecraft:fletching_table":4,"minecraft:pointed_dripstone":1,"minecraft:iron_bars":8,"minecraft:oak_stairs":2,"minecraft:deepslate_brick_stairs":3,"minecraft:spruce_slab":2,"minecraft:red_bed":4,"minecraft:smoker":1,"minecraft:polished_andesite_stairs":2,"minecraft:chest":1,"minecraft:white_stained_glass_pane":10,"minecraft:cobblestone":43,"minecraft:sugar_cane":26,"minecraft:oak_planks":42,"minecraft:bricks":8,"minecraft:wall_torch":1,"minecraft:seagrass":1,"minecraft:white_terracotta":27,"minecraft:birch_log":7,"minecraft:wheat":7,"minecraft:stripped_oak_wood":18,"minecraft:wither_rose":2,"minecraft:grass":18,"minecraft:oak_log":425,"minecraft:sand":14,"minecraft:dirt":23,"minecraft:yellow_stained_glass":2,"minecraft:oak_leaves":240,"minecraft:deepslate":212,"minecraft:potted_wither_rose":2,"minecraft:deepslate_diamond_ore":19,"minecraft:oak_door":1,"minecraft:birch_fence_gate":2,"minecraft:chiseled_bookshelf":1,"minecraft:spruce_fence":3,"minecraft:decorated_pot":1,"minecraft:brick_stairs":2,"minecraft:hay_block":39,"minecraft:furnace":6,"minecraft:carrots":85,"minecraft:andesite":24,"minecraft:bookshelf":37,"minecraft:potatoes":112,"minecraft:stone":227,"minecraft:polished_granite":4,"minecraft:oak_fence":9,"minecraft:crafting_table":2,"minecraft:rose_bush":1,"minecraft:lectern":5,"minecraft:campfire":11,"minecraft:tall_grass":1,"minecraft:copper_ore":1,"minecraft:diorite":1,"minecraft:spruce_stairs":35,"minecraft:coal_ore":51,"minecraft:flower_pot":1,"minecraft:gravel":70,"minecraft:cobweb":1,"minecraft:polished_andesite":18,"minecraft:spruce_fence_gate":2,"minecraft:stone_bricks":55},"minecraft:custom":{"minecraft:interact_with_crafting_table":68,"minecraft:leave_game":5,"minecraft:time_since_death":126070,"minecraft:sprint_one_cm":623358,"minecraft:damage_blocked_by_shield":435,"minecraft:drop":205,"minecraft:talked_to_villager":84,"minecraft:play_time":342373,"minecraft:deaths":4,"minecraft:jump":4117,"minecraft:interact_with_brewingstand":3,"minecraft:walk_on_water_one_cm":58865,"minecraft:interact_with_furnace":46,"minecraft:traded_with_villager":136,"minecraft:sleep_in_bed":25,"minecraft:damage_dealt":9498,"minecraft:player_kills":2,"minecraft:crouch_one_cm":12305,"minecraft:interact_with_smoker":1,"minecraft:use_cauldron":4,"minecraft:mob_kills":87,"minecraft:interact_with_anvil":7,"minecraft:interact_with_campfire":3,"minecraft:damage_dealt_resisted":219,"minecraft:climb_one_cm":23949,"minecraft:walk_one_cm":1172730,"minecraft:sneak_time":5607,"minecraft:walk_under_water_one_cm":35630,"minecraft:boat_one_cm":131222,"minecraft:interact_with_blast_furnace":8,"minecraft:total_world_time":342373,"minecraft:pot_flower":1,"minecraft:interact_with_grindstone":1,"minecraft:time_since_rest":33522,"minecraft:damage_taken":4419,"minecraft:swim_one_cm":30565,"minecraft:fly_one_cm":662642,"minecraft:open_chest":209,"minecraft:fall_one_cm":61435},"minecraft:killed_by":{"enemyexpansion:sprinter":1,"alexsmobs:crocodile":2},"minecraft:dropped":{"minecraft:iron_sword":1,"minecraft:baked_potato":22,"minecraft:diamond":1,"minecraft:leather":2,"minecraft:wooden_sword":1,"minecraft:iron_pickaxe":1,"minecraft:rotten_flesh":1,"minecraft:oak_planks":1,"minecraft:carrot":147,"born_in_chaos_v1:corpse_maggot":1,"minecraft:stone_hoe":1,"minecraft:bread":14,"spartanshields:iron_tower_shield":1,"minecraft:iron_helmet":1,"minecraft:stick":2,"minecraft:wooden_axe":1,"minecraft:rose_bush":1,"minecraft:potion":1,"toughasnails:purified_water_canteen":1,"minecraft:diamond_chestplate":2,"minecraft:iron_chestplate":1,"toughasnails:purified_water_bottle":1}},"DataVersion":3465}