{"stats":{"minecraft:picked_up":{"minecraft:wooden_axe":1,"minecraft:stick":6,"minecraft:raw_iron":12,"minecraft:cooked_porkchop":3,"minecraft:wooden_pickaxe":1,"minecraft:gravel":16,"minecraft:porkchop":3,"minecraft:oak_log":6,"minecraft:brick":4,"minecraft:lapis_lazuli":4,"minecraft:dark_oak_log":2,"alexsmobs:animal_dictionary":1,"minecraft:wooden_sword":2,"minecraft:iron_leggings":1,"minecraft:iron_helmet":1,"minecraft:iron_ingot":2,"minecraft:gold_ingot":2,"minecraft:emerald":4,"minecraft:oak_planks":34,"minecraft:iron_sword":1,"minecraft:cobblestone":3},"minecraft:killed":{"minecraft:pig":3,"alexsmobs:raccoon":1},"minecraft:used":{"minecraft:stone_pickaxe":16,"minecraft:wooden_pickaxe":3,"minecraft:wooden_sword":13,"minecraft:crafting_table":2,"minecraft:cooked_porkchop":1,"alexsmobs:animal_dictionary":1},"minecraft:crafted":{"minecraft:oak_planks":24,"minecraft:emerald":18,"minecraft:crafting_table":2,"minecraft:stick":4,"minecraft:wooden_pickaxe":1,"minecraft:iron_helmet":2,"minecraft:stone_pickaxe":1,"minecraft:iron_leggings":1},"minecraft:mined":{"minecraft:iron_ore":12,"minecraft:fire":10,"minecraft:grass":3,"minecraft:oak_log":6,"minecraft:decorated_pot":1,"minecraft:gravel":8,"minecraft:tall_grass":1,"minecraft:cobblestone":3,"minecraft:oak_leaves":2},"minecraft:custom":{"minecraft:time_since_rest":2844,"minecraft:sprint_one_cm":19210,"minecraft:damage_taken":245,"minecraft:walk_one_cm":48913,"minecraft:mob_kills":4,"minecraft:damage_dealt":390,"minecraft:traded_with_villager":3,"minecraft:interact_with_crafting_table":3,"minecraft:talked_to_villager":7,"minecraft:fly_one_cm":25641,"minecraft:open_chest":6,"minecraft:play_time":11584,"minecraft:interact_with_campfire":3,"minecraft:deaths":1,"minecraft:walk_under_water_one_cm":188,"minecraft:jump":124,"minecraft:interact_with_blast_furnace":1,"minecraft:time_since_death":2816,"minecraft:walk_on_water_one_cm":913,"minecraft:sleep_in_bed":3,"minecraft:total_world_time":11584,"minecraft:fall_one_cm":2883}},"DataVersion":3465}