{"stats":{"minecraft:picked_up":{"minecraft:wooden_axe":1,"minecraft:flower_pot":1,"minecraft:wooden_pickaxe":1,"minecraft:wither_rose":1,"minecraft:oak_log":6,"minecraft:brick":4,"minecraft:lapis_lazuli":4,"minecraft:dirt":6,"minecraft:wooden_sword":2,"minecraft:iron_leggings":1,"minecraft:stone_bricks":1,"minecraft:iron_ingot":2,"minecraft:rose_bush":1,"minecraft:lectern":1,"minecraft:iron_sword":1,"minecraft:oak_planks":34,"minecraft:stick":6,"minecraft:raw_iron":12,"minecraft:cooked_porkchop":3,"minecraft:gravel":17,"minecraft:porkchop":3,"minecraft:dark_oak_log":2,"alexsmobs:animal_dictionary":1,"alexsmobs:raw_catfish":3,"minecraft:rotten_flesh":1,"minecraft:iron_helmet":1,"minecraft:emerald":4,"minecraft:gold_ingot":2,"born_in_chaos_v1:rotten_fish":2,"minecraft:cobblestone":5},"minecraft:used":{"minecraft:stone_pickaxe":22,"minecraft:wooden_pickaxe":3,"minecraft:iron_sword":20,"minecraft:crafting_table":3,"minecraft:wooden_axe":2,"minecraft:gravel":4,"minecraft:wooden_sword":13,"minecraft:cooked_porkchop":2,"alexsmobs:animal_dictionary":1},"minecraft:killed":{"minecraft:pig":3,"minecraft:zombie_villager":1,"alexsmobs:raccoon":1,"enemyexpansion:equestrian":1,"born_in_chaos_v1:zombie_fisherman":1},"minecraft:crafted":{"minecraft:oak_planks":24,"minecraft:emerald":18,"minecraft:crafting_table":3,"minecraft:wooden_pickaxe":1,"minecraft:iron_helmet":2,"minecraft:air":0,"minecraft:iron_boots":1,"minecraft:iron_chestplate":1,"minecraft:stick":4,"minecraft:iron_ingot":12,"minecraft:stone_pickaxe":1,"minecraft:iron_leggings":1,"minecraft:dark_oak_planks":8},"minecraft:mined":{"minecraft:potted_wither_rose":1,"minecraft:grass_block":1,"minecraft:decorated_pot":1,"minecraft:rose_bush":1,"minecraft:lectern":1,"minecraft:tall_grass":1,"minecraft:cobblestone":5,"minecraft:iron_ore":12,"minecraft:fire":16,"minecraft:grass":3,"minecraft:oak_log":6,"minecraft:gravel":9,"minecraft:dirt":6,"minecraft:stone_bricks":1,"minecraft:yellow_stained_glass":2,"minecraft:oak_leaves":2},"minecraft:custom":{"minecraft:mob_kills":7,"minecraft:traded_with_villager":3,"minecraft:interact_with_crafting_table":4,"minecraft:interact_with_campfire":3,"minecraft:time_since_death":14816,"minecraft:sleep_in_bed":4,"minecraft:climb_one_cm":6780,"minecraft:time_since_rest":9905,"minecraft:sprint_one_cm":44361,"minecraft:damage_taken":300,"minecraft:walk_one_cm":104415,"minecraft:drop":2,"minecraft:damage_dealt":1161,"minecraft:talked_to_villager":8,"minecraft:swim_one_cm":2273,"minecraft:fly_one_cm":41367,"minecraft:open_chest":26,"minecraft:crouch_one_cm":758,"minecraft:play_time":23584,"minecraft:deaths":1,"minecraft:sneak_time":209,"minecraft:walk_under_water_one_cm":419,"minecraft:jump":232,"minecraft:interact_with_brewingstand":2,"minecraft:interact_with_blast_furnace":8,"minecraft:walk_on_water_one_cm":2222,"minecraft:total_world_time":23584,"minecraft:fall_one_cm":4383},"minecraft:dropped":{"minecraft:rotten_flesh":1,"minecraft:rose_bush":1}},"DataVersion":3465}